Country Name,Country Code,Series Name,Series Code,2015 [YR2015],2016 [YR2016],2017 [YR2017],2018 [YR2018],2019 [YR2019],2020 [YR2020],2021 [YR2021],2022 [YR2022]
Afghanistan,AFG,GDP per capita (current US$),NY.GDP.PCAP.CD,566.8811327,523.0530121,526.1408013,492.0906323,497.7414293,512.0550982,355.7778264,..
Afghanistan,AFG,CO2 emissions (metric tons per capita),EN.ATM.CO2E.PC,0.297971775,0.268358773,0.281195816,0.299082634,0.297563651,0.223478872,..,..
Albania,ALB,GDP per capita (current US$),NY.GDP.PCAP.CD,3952.803574,4124.05539,4531.032207,5287.660801,5396.214243,5343.037704,6377.203096,6810.114041
Albania,ALB,CO2 emissions (metric tons per capita),EN.ATM.CO2E.PC,1.665218525,1.590069333,1.880557113,1.85464154,1.749462457,1.544550115,..,..
Algeria,DZA,GDP per capita (current US$),NY.GDP.PCAP.CD,4197.419985,3967.200647,4134.936087,4171.790388,4021.983266,3354.153164,3700.314697,4342.637968
Algeria,DZA,CO2 emissions (metric tons per capita),EN.ATM.CO2E.PC,3.951960939,3.833834222,3.833681126,3.924298722,3.994401828,3.71822337,..,..
American Samoa,ASM,GDP per capita (current US$),NY.GDP.PCAP.CD,13101.54182,13300.82461,12372.88478,13195.9359,13672.57666,15609.77722,16653.71378,19673.3901
American Samoa,ASM,CO2 emissions (metric tons per capita),EN.ATM.CO2E.PC,..,..,..,..,..,..,..,..
Andorra,AND,GDP per capita (current US$),NY.GDP.PCAP.CD,38885.54859,39931.23626,40632.20898,42904.81159,41328.61239,37207.23887,42072.31942,41992.77278
Andorra,AND,CO2 emissions (metric tons per capita),EN.ATM.CO2E.PC,6.485769241,6.465288117,6.302097864,6.59405703,6.287203804,5.777147992,..,..
Angola,AGO,GDP per capita (current US$),NY.GDP.PCAP.CD,3217.339244,1809.709377,2439.374441,2540.508878,2191.347764,1450.905112,1927.474078,3000.444231
Angola,AGO,CO2 emissions (metric tons per capita),EN.ATM.CO2E.PC,1.125185364,1.012552124,0.829723217,0.755827619,0.753638205,0.592742968,..,..
Antigua and Barbuda,ATG,GDP per capita (current US$),NY.GDP.PCAP.CD,15985.54114,16449.05915,16803.87023,18133.8226,18730.0048,15224.85859,17178.54372,19919.72669
Antigua and Barbuda,ATG,CO2 emissions (metric tons per capita),EN.ATM.CO2E.PC,5.450239602,5.526478512,5.488427222,5.550826185,5.525581597,5.121730122,..,..
Argentina,ARG,GDP per capita (current US$),NY.GDP.PCAP.CD,13789.06042,12790.26414,14613.03565,11795.16275,9963.674162,8500.837939,10650.86046,13650.60463
Argentina,ARG,CO2 emissions (metric tons per capita),EN.ATM.CO2E.PC,4.301913806,4.201815869,4.070111687,3.975650744,3.742029812,3.40561754,..,..
Armenia,ARM,GDP per capita (current US$),NY.GDP.PCAP.CD,3666.141822,3679.952347,4041.995071,4391.92327,4828.504886,4505.867742,4972.783204,7018.051504
Armenia,ARM,CO2 emissions (metric tons per capita),EN.ATM.CO2E.PC,1.85625279,1.767966404,1.88339587,2.013779381,2.196552367,2.404683762,..,..
Aruba,ABW,GDP per capita (current US$),NY.GDP.PCAP.CD,28419.26453,28449.71295,29329.08175,30918.48358,31902.80982,24008.12782,29127.75938,33300.83882
Aruba,ABW,CO2 emissions (metric tons per capita),EN.ATM.CO2E.PC,..,..,..,..,..,..,..,..
Australia,AUS,GDP per capita (current US$),NY.GDP.PCAP.CD,56758.8692,49918.79393,53954.55349,57273.52048,55049.57192,51868.24756,60697.24544,65099.84591
Australia,AUS,CO2 emissions (metric tons per capita),EN.ATM.CO2E.PC,16.19845822,16.32033061,16.1491503,15.86571352,15.59904536,14.77613691,..,..
Austria,AUT,GDP per capita (current US$),NY.GDP.PCAP.CD,44195.81759,45307.58786,47429.15846,51466.55656,50067.58573,48789.49785,53517.89045,52084.6812
Austria,AUT,CO2 emissions (metric tons per capita),EN.ATM.CO2E.PC,7.318859537,7.290777216,7.487036755,7.141140211,7.263331201,6.632645737,..,..
Azerbaijan,AZE,GDP per capita (current US$),NY.GDP.PCAP.CD,5500.503646,3880.685228,4147.198142,4739.794312,4805.753718,4229.910649,5408.045352,7762.073829
Azerbaijan,AZE,CO2 emissions (metric tons per capita),EN.ATM.CO2E.PC,3.292794814,3.303957895,3.243037648,3.292641249,3.54349533,3.398849573,..,..
"Bahamas, The",BHS,GDP per capita (current US$),NY.GDP.PCAP.CD,29724.95334,29675.53589,30708.98702,31483.97884,32279.01136,23998.26802,28260.43255,31458.30081
"Bahamas, The",BHS,CO2 emissions (metric tons per capita),EN.ATM.CO2E.PC,5.62112774,5.153595167,5.438825122,6.95535772,6.482893634,6.042251477,..,..
Bahrain,BHR,GDP per capita (current US$),NY.GDP.PCAP.CD,22795.44886,22867.18112,24349.90987,25415.84662,25869.11291,23433.18724,26850.00339,30146.92503
Bahrain,BHR,CO2 emissions (metric tons per capita),EN.ATM.CO2E.PC,22.38562499,21.49530987,20.94603778,20.73796173,22.06335481,21.97690781,..,..
Bangladesh,BGD,GDP per capita (current US$),NY.GDP.PCAP.CD,1236.004392,1659.962496,1815.610262,1963.412492,2122.078397,2233.305901,2457.924039,2688.305501
Bangladesh,BGD,CO2 emissions (metric tons per capita),EN.ATM.CO2E.PC,0.463517075,0.507739271,0.541787826,0.586157625,0.559733656,0.510647559,..,..
Barbados,BRB,GDP per capita (current US$),NY.GDP.PCAP.CD,17023.69436,17381.36509,17881.56325,18271.25225,19063.10229,16882.50152,17507.46799,20238.78424
Barbados,BRB,CO2 emissions (metric tons per capita),EN.ATM.CO2E.PC,4.565435499,4.632243432,4.226450372,4.541381825,4.166143194,3.904871158,..,..
Belarus,BLR,GDP per capita (current US$),NY.GDP.PCAP.CD,5967.06856,5039.775609,5785.533977,6360.053101,6837.768321,6542.86454,7489.718947,7888.263711
Belarus,BLR,CO2 emissions (metric tons per capita),EN.ATM.CO2E.PC,5.799689169,5.829463579,5.946407169,6.279579416,6.12342695,5.842407296,..,..
Belgium,BEL,GDP per capita (current US$),NY.GDP.PCAP.CD,41008.29672,42012.62272,44198.48239,47544.98115,46641.7214,45609.00349,51850.39718,49926.82543
Belgium,BEL,CO2 emissions (metric tons per capita),EN.ATM.CO2E.PC,8.434836506,8.310660392,8.139438591,8.184366679,8.093790746,7.398130658,..,..
Belize,BLZ,GDP per capita (current US$),NY.GDP.PCAP.CD,6098.60008,6099.957102,6049.391948,6001.024262,6134.215233,5185.15807,6060.968223,6984.21696
Belize,BLZ,CO2 emissions (metric tons per capita),EN.ATM.CO2E.PC,1.875949993,1.773147152,1.716338442,1.648929766,1.89208291,1.741107715,..,..
Benin,BEN,GDP per capita (current US$),NY.GDP.PCAP.CD,1041.652523,1049.820303,1095.274459,1194.438214,1170.885995,1240.733155,1360.911474,1302.851036
Benin,BEN,CO2 emissions (metric tons per capita),EN.ATM.CO2E.PC,0.503586324,0.598485713,0.592940505,0.636814494,0.608236773,0.631204806,..,..
Bermuda,BMU,GDP per capita (current US$),NY.GDP.PCAP.CD,102005.6256,106885.8785,111820.5815,113050.7369,116153.1661,107791.8864,111774.6691,118774.7907
Bermuda,BMU,CO2 emissions (metric tons per capita),EN.ATM.CO2E.PC,..,..,..,..,..,..,..,..
Bhutan,BTN,GDP per capita (current US$),NY.GDP.PCAP.CD,2695.636924,2879.546564,3427.173845,3389.777303,3564.598772,3181.339747,3560.197705,..
Bhutan,BTN,CO2 emissions (metric tons per capita),EN.ATM.CO2E.PC,1.402040163,1.638388767,1.731865667,1.908289769,1.867200723,1.340054317,..,..
Bolivia,BOL,GDP per capita (current US$),NY.GDP.PCAP.CD,2975.648811,3013.502707,3280.008214,3471.006951,3472.380831,3068.812555,3345.023002,3600.121635
Bolivia,BOL,CO2 emissions (metric tons per capita),EN.ATM.CO2E.PC,1.803674183,1.893693651,1.891315429,1.88518817,1.853461506,1.539464696,..,..
Bosnia and Herzegovina,BIH,GDP per capita (current US$),NY.GDP.PCAP.CD,4654.60862,4917.263766,5327.392304,6024.49315,6094.724823,6095.104237,7230.198838,7568.79848
Bosnia and Herzegovina,BIH,CO2 emissions (metric tons per capita),EN.ATM.CO2E.PC,5.569578733,6.422490639,6.59666334,6.651453518,6.285663956,6.312305874,..,..
Botswana,BWA,GDP per capita (current US$),NY.GDP.PCAP.CD,5869.737579,6411.551666,6705.341062,6947.817841,6691.161053,5875.070606,7238.796098,7738.878804
Botswana,BWA,CO2 emissions (metric tons per capita),EN.ATM.CO2E.PC,3.014835776,2.818086597,3.054954535,3.288471038,2.879663256,2.263463114,..,..
Brazil,BRA,GDP per capita (current US$),NY.GDP.PCAP.CD,8783.215424,8680.736469,9896.718895,9121.020995,8845.324149,6923.699912,7696.78483,8917.674911
Brazil,BRA,CO2 emissions (metric tons per capita),EN.ATM.CO2E.PC,2.365360621,2.161259847,2.185486619,2.064261479,2.050770129,1.942523356,..,..
British Virgin Islands,VGB,GDP per capita (current US$),NY.GDP.PCAP.CD,..,..,..,..,..,..,..,..
British Virgin Islands,VGB,CO2 emissions (metric tons per capita),EN.ATM.CO2E.PC,..,..,..,..,..,..,..,..
Brunei Darussalam,BRN,GDP per capita (current US$),NY.GDP.PCAP.CD,30681.43397,26762.03504,28186.98674,31240.50179,30748.30924,27179.35289,31448.91275,37152.47697
Brunei Darussalam,BRN,CO2 emissions (metric tons per capita),EN.ATM.CO2E.PC,15.18067944,16.35821162,16.9430784,17.36231043,16.11193294,21.70581244,..,..
Bulgaria,BGR,GDP per capita (current US$),NY.GDP.PCAP.CD,7078.860323,7570.931655,8381.881346,9447.655897,9874.336326,10148.3424,12219.34187,13974.44925
Bulgaria,BGR,CO2 emissions (metric tons per capita),EN.ATM.CO2E.PC,6.207377524,5.834418985,6.20201084,5.821777166,5.613710103,4.923280379,..,..
Burkina Faso,BFA,GDP per capita (current US$),NY.GDP.PCAP.CD,632.1266858,665.7863286,711.1845434,779.2027686,765.2295604,823.5524109,888.7810788,830.0371503
Burkina Faso,BFA,CO2 emissions (metric tons per capita),EN.ATM.CO2E.PC,0.2031091,0.207403202,0.23317368,0.25242828,0.269501589,0.253533189,..,..
Burundi,BDI,GDP per capita (current US$),NY.GDP.PCAP.CD,289.3596272,242.5395273,244.1454222,232.0606166,216.9729709,216.8274175,221.1578034,259.0250314
Burundi,BDI,CO2 emissions (metric tons per capita),EN.ATM.CO2E.PC,0.034193618,0.040538085,0.047429124,0.05785023,0.059571339,0.058384022,..,..
Cabo Verde,CPV,GDP per capita (current US$),NY.GDP.PCAP.CD,3169.078901,3312.696745,3534.343575,3860.454808,3903.050317,3126.399859,3398.165376,3754.304794
Cabo Verde,CPV,CO2 emissions (metric tons per capita),EN.ATM.CO2E.PC,0.905343683,0.972252567,1.034951518,1.041137811,1.069615098,1.065151723,..,..
Cambodia,KHM,GDP per capita (current US$),NY.GDP.PCAP.CD,1170.742816,1281.105971,1400.899265,1533.315985,1671.3854,1577.91174,1625.235021,1759.608023
Cambodia,KHM,CO2 emissions (metric tons per capita),EN.ATM.CO2E.PC,0.546949079,0.708268457,0.799744092,0.845896953,1.116330426,1.137583659,..,..
Cameroon,CMR,GDP per capita (current US$),NY.GDP.PCAP.CD,1399.675336,1426.065481,1479.862222,1594.06011,1538.687912,1539.130545,1654.257037,1563.48894
Cameroon,CMR,CO2 emissions (metric tons per capita),EN.ATM.CO2E.PC,0.369370823,0.378493592,0.372071195,0.388794448,0.370691707,0.374782658,..,..
Canada,CAN,GDP per capita (current US$),NY.GDP.PCAP.CD,43596.13554,42315.60371,45129.4293,46548.63841,46374.15275,43562.43583,52515.19984,55522.44569
Canada,CAN,CO2 emissions (metric tons per capita),EN.ATM.CO2E.PC,15.64990728,15.42182253,15.54719472,15.63665416,15.05274694,13.59937492,..,..
Cayman Islands,CYM,GDP per capita (current US$),NY.GDP.PCAP.CD,77295.84529,78858.28026,81255.11246,85231.77425,89846.32122,83897.50544,88475.60047,99624.88544
Cayman Islands,CYM,CO2 emissions (metric tons per capita),EN.ATM.CO2E.PC,..,..,..,..,..,..,..,..
Central African Republic,CAF,GDP per capita (current US$),NY.GDP.PCAP.CD,351.8797548,372.1354561,414.7403223,435.9322966,426.4087531,435.4692478,461.137511,427.0580962
Central African Republic,CAF,CO2 emissions (metric tons per capita),EN.ATM.CO2E.PC,0.038262556,0.042086572,0.044509011,0.044967594,0.045188205,0.044282073,..,..
Chad,TCD,GDP per capita (current US$),NY.GDP.PCAP.CD,774.4116031,691.9800774,662.897473,720.2651014,701.621201,643.7722157,685.690315,716.8043811
Chad,TCD,CO2 emissions (metric tons per capita),EN.ATM.CO2E.PC,0.104563037,0.100727184,0.098648511,0.099806398,0.098196389,0.094228187,..,..
Channel Islands,CHI,GDP per capita (current US$),NY.GDP.PCAP.CD,..,58093.99606,57683.8939,62316.21995,61281.32722,57339.52687,67960.727,..
Channel Islands,CHI,CO2 emissions (metric tons per capita),EN.ATM.CO2E.PC,..,..,..,..,..,..,..,..
Chile,CHL,GDP per capita (current US$),NY.GDP.PCAP.CD,13567.35722,13788.24002,15034.05843,15820.03336,14632.69031,13173.78479,16240.60778,15355.47974
Chile,CHL,CO2 emissions (metric tons per capita),EN.ATM.CO2E.PC,4.603236105,4.783525703,4.743802419,4.629657059,4.827620075,4.395151064,..,..
China,CHN,GDP per capita (current US$),NY.GDP.PCAP.CD,8016.445595,8094.390167,8817.045608,9905.406383,10143.86022,10408.71955,12617.5051,12720.21632
China,CHN,CO2 emissions (metric tons per capita),EN.ATM.CO2E.PC,7.145131535,7.105479936,7.226160154,7.533193134,7.645435786,7.756137907,..,..
Colombia,COL,GDP per capita (current US$),NY.GDP.PCAP.CD,6228.651622,5936.261022,6449.970987,6782.03792,6436.509215,5304.289129,6182.707099,6624.165393
Colombia,COL,CO2 emissions (metric tons per capita),EN.ATM.CO2E.PC,1.719390231,1.753795803,1.565075176,1.610391517,1.577820141,1.552259423,..,..
Comoros,COM,GDP per capita (current US$),NY.GDP.PCAP.CD,1322.936775,1357.266229,1414.586689,1531.337811,1510.797323,1519.58678,1577.470841,1484.892465
Comoros,COM,CO2 emissions (metric tons per capita),EN.ATM.CO2E.PC,0.254582206,0.292000343,0.366303252,0.389920045,0.41239668,0.407112183,..,..
"Congo, Dem. Rep.",COD,GDP per capita (current US$),NY.GDP.PCAP.CD,482.0645686,456.0279506,451.0890885,546.2125932,575.8827814,524.6666862,576.9747294,653.6562231
"Congo, Dem. Rep.",COD,CO2 emissions (metric tons per capita),EN.ATM.CO2E.PC,0.041082217,0.02973242,0.033755215,0.032311235,0.03371488,0.032584781,..,..
"Congo, Rep.",COG,GDP per capita (current US$),NY.GDP.PCAP.CD,2455.34791,2107.503024,2227.720139,2715.243105,2508.944783,2011.269479,2540.473212,2649.225022
"Congo, Rep.",COG,CO2 emissions (metric tons per capita),EN.ATM.CO2E.PC,1.116621047,1.059916434,1.017762417,1.142589443,1.257662142,1.25459167,..,..
Costa Rica,CRI,GDP per capita (current US$),NY.GDP.PCAP.CD,11529.95517,11899.81398,12118.13362,12383.14995,12669.34115,12179.25667,12604.04884,13365.3564
Costa Rica,CRI,CO2 emissions (metric tons per capita),EN.ATM.CO2E.PC,1.539842157,1.619528412,1.636715779,1.620121197,1.564824452,1.35999555,..,..
Cote d'Ivoire,CIV,GDP per capita (current US$),NY.GDP.PCAP.CD,1941.581898,1999.195372,2113.341525,2295.540335,2290.787379,2349.069882,2613.378893,2486.412194
Cote d'Ivoire,CIV,CO2 emissions (metric tons per capita),EN.ATM.CO2E.PC,0.415553148,0.3962026,0.425136558,0.399890358,0.414528305,0.406347357,..,..
Croatia,HRV,GDP per capita (current US$),NY.GDP.PCAP.CD,12098.51203,12579.9227,13592.25452,15040.03692,15120.9029,14269.90885,17809.03239,18570.404
Croatia,HRV,CO2 emissions (metric tons per capita),EN.ATM.CO2E.PC,3.94953949,4.042977719,4.220576836,4.020066328,4.064519478,3.860705392,..,..
Cuba,CUB,GDP per capita (current US$),NY.GDP.PCAP.CD,7683.740254,8055.925868,8543.330067,8831.910409,9139.38051,9499.572504,..,..
Cuba,CUB,CO2 emissions (metric tons per capita),EN.ATM.CO2E.PC,2.575844183,2.396082811,2.31478145,2.354698575,2.157740903,2.152769678,..,..
Curacao,CUW,GDP per capita (current US$),NY.GDP.PCAP.CD,19361.81296,18944.09628,18938.2441,19119.12449,19220.68658,16356.09333,17979.99829,20501.75228
Curacao,CUW,CO2 emissions (metric tons per capita),EN.ATM.CO2E.PC,..,..,..,..,..,..,..,..
Cyprus,CYP,GDP per capita (current US$),NY.GDP.PCAP.CD,23408.44141,24605.34961,26608.69531,29335.04688,29420,28281.42578,32745.84375,32048.24023
Cyprus,CYP,CO2 emissions (metric tons per capita),EN.ATM.CO2E.PC,5.771090223,6.026642045,6.091071498,5.906151058,5.851879339,5.471998009,..,..
Czechia,CZE,GDP per capita (current US$),NY.GDP.PCAP.CD,17829.69832,18575.23203,20636.19995,23424.48046,23664.84786,22992.87938,26822.51419,27226.61564
Czechia,CZE,CO2 emissions (metric tons per capita),EN.ATM.CO2E.PC,9.592919971,9.747753525,9.773987068,9.66462802,9.156117906,8.304017496,..,..
Denmark,DNK,GDP per capita (current US$),NY.GDP.PCAP.CD,53254.85637,54663.99837,57610.09818,61591.92887,59592.98069,60836.59241,69268.6518,67790.05399
Denmark,DNK,CO2 emissions (metric tons per capita),EN.ATM.CO2E.PC,5.930324767,6.169734341,5.756134453,5.718912959,5.107386426,4.691237308,..,..
Djibouti,DJI,GDP per capita (current US$),NY.GDP.PCAP.CD,2409.311902,2545.738799,2655.73322,2755.838293,2876.043664,2921.738706,3062.551482,3136.112768
Djibouti,DJI,CO2 emissions (metric tons per capita),EN.ATM.CO2E.PC,0.443772428,0.386480087,0.387797734,0.392452502,0.398763866,0.392329171,..,..
Dominica,DMA,GDP per capita (current US$),NY.GDP.PCAP.CD,7724.042411,8223.04145,7408.091301,7833.195013,8561.587011,7003.469891,7668.158132,8351.193213
Dominica,DMA,CO2 emissions (metric tons per capita),EN.ATM.CO2E.PC,2.584027312,2.604352479,2.352172493,2.333987546,2.437419499,2.261268144,..,..
Dominican Republic,DOM,GDP per capita (current US$),NY.GDP.PCAP.CD,6838.936746,7191.069703,7513.497982,7947.159331,8173.344699,7167.914974,8476.749639,10111.24571
Dominican Republic,DOM,CO2 emissions (metric tons per capita),EN.ATM.CO2E.PC,2.267046018,2.336099271,2.211962081,2.356223766,2.368634396,2.080181722,..,..
Ecuador,ECU,GDP per capita (current US$),NY.GDP.PCAP.CD,6130.586676,6079.088736,6246.404252,6321.349401,6233.258167,5645.19929,5965.132871,6391.282484
Ecuador,ECU,CO2 emissions (metric tons per capita),EN.ATM.CO2E.PC,2.555603263,2.420480809,2.308763807,2.366829826,2.285055011,1.957575349,..,..
"Egypt, Arab Rep.",EGY,GDP per capita (current US$),NY.GDP.PCAP.CD,3370.382447,3331.612461,2439.967284,2531.200079,3017.258336,3571.556907,3886.722498,4295.407496
"Egypt, Arab Rep.",EGY,CO2 emissions (metric tons per capita),EN.ATM.CO2E.PC,2.315542399,2.359353496,2.402416496,2.294016243,2.063160783,1.961122572,..,..
El Salvador,SLV,GDP per capita (current US$),NY.GDP.PCAP.CD,3761.51368,3870.312982,3986.049014,4145.862351,4280.288404,3961.726633,4664.311223,5127.321668
El Salvador,SLV,CO2 emissions (metric tons per capita),EN.ATM.CO2E.PC,1.123018116,1.139922982,1.012486089,1.090587479,1.25994054,1.013280244,..,..
Equatorial Guinea,GNQ,GDP per capita (current US$),NY.GDP.PCAP.CD,9788.983804,8035.307666,8410.39798,8719.18687,7317.390024,6198.942524,7406.084975,7182.265382
Equatorial Guinea,GNQ,CO2 emissions (metric tons per capita),EN.ATM.CO2E.PC,4.078923631,4.167551273,3.701194049,3.374296231,3.139988835,2.725730852,..,..
Eritrea,ERI,GDP per capita (current US$),NY.GDP.PCAP.CD,..,..,..,..,..,..,..,..
Eritrea,ERI,CO2 emissions (metric tons per capita),EN.ATM.CO2E.PC,0.170927837,0.172496432,0.171174998,0.19669853,0.199267295,0.198657543,..,..
Estonia,EST,GDP per capita (current US$),NY.GDP.PCAP.CD,17402.03761,18295.34293,20437.76538,23165.84948,23424.48471,23595.24368,27943.70122,28247.09599
Estonia,EST,CO2 emissions (metric tons per capita),EN.ATM.CO2E.PC,10.92977307,12.08946716,12.73243033,11.88893604,7.582120103,5.338399816,..,..
Eswatini,SWZ,GDP per capita (current US$),NY.GDP.PCAP.CD,3583.31129,3339.990401,3824.046783,4021.445556,3818.540484,3372.90461,4068.573816,3986.886637
Eswatini,SWZ,CO2 emissions (metric tons per capita),EN.ATM.CO2E.PC,0.895905942,0.976784733,0.960404381,0.952924266,0.999903387,0.972087528,..,..
Ethiopia,ETH,GDP per capita (current US$),NY.GDP.PCAP.CD,630.3126194,705.6175085,755.7526443,758.2976945,840.4496013,918.6525941,925.0006976,1027.585911
Ethiopia,ETH,CO2 emissions (metric tons per capita),EN.ATM.CO2E.PC,0.127315885,0.144807034,0.146790212,0.153230326,0.155169189,0.154431772,..,..
Faroe Islands,FRO,GDP per capita (current US$),NY.GDP.PCAP.CD,52726.68738,56833.91654,59328.23766,62576.80164,63203.74478,62234.96868,69108.20658,66979.27732
Faroe Islands,FRO,CO2 emissions (metric tons per capita),EN.ATM.CO2E.PC,..,..,..,..,..,..,..,..
Fiji,FJI,GDP per capita (current US$),NY.GDP.PCAP.CD,5105.189612,5368.433492,5825.199665,6073.394579,5927.724208,4815.689148,4656.051341,5356.164396
Fiji,FJI,CO2 emissions (metric tons per capita),EN.ATM.CO2E.PC,1.377889228,1.305137031,1.448392253,1.509473382,1.517205337,1.117096288,..,..
Finland,FIN,GDP per capita (current US$),NY.GDP.PCAP.CD,42801.90812,43814.02651,46412.13648,49987.62616,48629.85823,49169.71934,53504.69365,50871.93045
Finland,FIN,CO2 emissions (metric tons per capita),EN.ATM.CO2E.PC,7.813697924,8.31624753,7.809318955,8.049188427,7.423039601,6.570145128,..,..
France,FRA,GDP per capita (current US$),NY.GDP.PCAP.CD,36652.92231,37062.53357,38781.04949,41557.85486,40494.89829,39179.74426,43671.30841,40886.25327
France,FRA,CO2 emissions (metric tons per capita),EN.ATM.CO2E.PC,4.675935087,4.703475673,4.747916929,4.570517428,4.460164948,3.953682452,..,..
French Polynesia,PYF,GDP per capita (current US$),NY.GDP.PCAP.CD,18252.5142,18726.63947,19743.95902,20614.89437,20093.20858,19185.69777,20230.24105,18984.8511
French Polynesia,PYF,CO2 emissions (metric tons per capita),EN.ATM.CO2E.PC,..,..,..,..,..,..,..,..
Gabon,GAB,GDP per capita (current US$),NY.GDP.PCAP.CD,7090.454634,6722.198223,6975.695192,7694.906051,7523.862281,6680.082665,8635.797144,8820.347337
Gabon,GAB,CO2 emissions (metric tons per capita),EN.ATM.CO2E.PC,3.014911879,3.059956687,2.49727247,2.335936117,2.351763544,2.333273575,..,..
"Gambia, The",GMB,GDP per capita (current US$),NY.GDP.PCAP.CD,611.6712191,640.6762653,632.0010242,683.3246328,722.8753563,704.0304628,772.1514505,808.2782815
"Gambia, The",GMB,CO2 emissions (metric tons per capita),EN.ATM.CO2E.PC,0.260037912,0.255997956,0.252941606,0.244507378,0.241900479,0.237529599,..,..
Georgia,GEO,GDP per capita (current US$),NY.GDP.PCAP.CD,4014.111651,4062.126978,4356.928016,4722.042423,4696.150586,4255.742993,5023.274384,6674.95696
Georgia,GEO,CO2 emissions (metric tons per capita),EN.ATM.CO2E.PC,2.523141909,2.632753008,2.657481054,2.609706729,2.835791247,2.754709196,..,..
Germany,DEU,GDP per capita (current US$),NY.GDP.PCAP.CD,41103.25644,42136.12079,44652.58917,47939.27829,46805.13843,46749.47623,51426.75037,48717.99114
Germany,DEU,CO2 emissions (metric tons per capita),EN.ATM.CO2E.PC,9.087344804,9.072972388,8.858344511,8.537042688,7.927187624,7.255221028,..,..
Ghana,GHA,GDP per capita (current US$),NY.GDP.PCAP.CD,1711.271317,1900.397674,1998.722666,2180.029684,2167.92544,2176.576218,2422.085913,2203.558935
Ghana,GHA,CO2 emissions (metric tons per capita),EN.ATM.CO2E.PC,0.49602474,0.492155068,0.500789782,0.543393317,0.572264896,0.602887453,..,..
Gibraltar,GIB,GDP per capita (current US$),NY.GDP.PCAP.CD,..,..,..,..,..,..,..,..
Gibraltar,GIB,CO2 emissions (metric tons per capita),EN.ATM.CO2E.PC,..,..,..,..,..,..,..,..
Greece,GRC,GDP per capita (current US$),NY.GDP.PCAP.CD,18083.87791,17923.96681,18582.08934,19756.99046,19143.88762,17617.29151,20310.68248,20867.26909
Greece,GRC,CO2 emissions (metric tons per capita),EN.ATM.CO2E.PC,6.285087825,6.20348737,6.210831583,6.058130519,5.595284353,4.767184937,..,..
Greenland,GRL,GDP per capita (current US$),NY.GDP.PCAP.CD,44536.35497,48181.74535,50765.74947,54545.13586,53309.20359,54693.07668,57116.29577,..
Greenland,GRL,CO2 emissions (metric tons per capita),EN.ATM.CO2E.PC,..,..,..,..,..,..,..,..
Grenada,GRD,GDP per capita (current US$),NY.GDP.PCAP.CD,8379.621847,8849.513535,9309.261296,9574.310271,9887.920742,8437.536782,9010.5128,9689.0827
Grenada,GRD,CO2 emissions (metric tons per capita),EN.ATM.CO2E.PC,2.291141368,2.312321825,2.377585366,2.628900671,2.820964115,2.624067021,..,..
Guam,GUM,GDP per capita (current US$),NY.GDP.PCAP.CD,34522.37793,35052.80791,35663.02504,35902.7259,37752.63308,34780.86166,35904.86355,..
Guam,GUM,CO2 emissions (metric tons per capita),EN.ATM.CO2E.PC,..,..,..,..,..,..,..,..
Guatemala,GTM,GDP per capita (current US$),NY.GDP.PCAP.CD,3994.629085,4173.281349,4454.024509,4485.752135,4647.807541,4609.897258,5029.477555,5473.208564
Guatemala,GTM,CO2 emissions (metric tons per capita),EN.ATM.CO2E.PC,1.057073109,1.10261826,1.027517281,1.105753673,1.145372815,1.000407336,..,..
Guinea,GIN,GDP per capita (current US$),NY.GDP.PCAP.CD,756.4255898,720.4732552,843.4642792,944.4172687,1043.899886,1073.659339,1189.175999,1515.167948
Guinea,GIN,CO2 emissions (metric tons per capita),EN.ATM.CO2E.PC,0.216953418,0.235227854,0.271355057,0.297494262,0.350765779,0.343646151,..,..
Guinea-Bissau,GNB,GDP per capita (current US$),NY.GDP.PCAP.CD,585.9570126,642.6663901,718.2457378,781.6443676,730.6114323,710.258133,795.118605,775.8289657
Guinea-Bissau,GNB,CO2 emissions (metric tons per capita),EN.ATM.CO2E.PC,0.157581198,0.166253123,0.163100202,0.165094768,0.165088606,0.163208369,..,..
Guyana,GUY,GDP per capita (current US$),NY.GDP.PCAP.CD,5668.429765,5905.380196,6220.978568,6094.909837,6477.296726,6863.074346,9994.645704,18199.47484
Guyana,GUY,CO2 emissions (metric tons per capita),EN.ATM.CO2E.PC,2.754761063,3.265238372,3.241131369,3.293512273,3.500331141,3.472771017,..,..
Haiti,HTI,GDP per capita (current US$),NY.GDP.PCAP.CD,1405.714786,1313.186095,1389.358623,1489.578406,1345.475055,1283.141228,1823.742224,1748.257132
Haiti,HTI,CO2 emissions (metric tons per capita),EN.ATM.CO2E.PC,0.310537245,0.314036533,0.306183719,0.298729952,0.297241022,0.283815024,..,..
Honduras,HND,GDP per capita (current US$),NY.GDP.PCAP.CD,2257.225284,2295.53627,2403.306088,2457.686042,2519.366185,2354.121434,2771.722654,3040.173046
Honduras,HND,CO2 emissions (metric tons per capita),EN.ATM.CO2E.PC,1.133809708,1.098712815,0.974047356,0.922234079,1.023855315,0.872911172,..,..
"Hong Kong SAR, China",HKG,GDP per capita (current US$),NY.GDP.PCAP.CD,42432.16197,43734.19807,46160.42979,48537.56689,48359.0012,46109.22999,49764.79312,48983.62172
"Hong Kong SAR, China",HKG,CO2 emissions (metric tons per capita),EN.ATM.CO2E.PC,..,..,..,..,..,..,..,..
Hungary,HUN,GDP per capita (current US$),NY.GDP.PCAP.CD,12717.0386,13104.69955,14621.2396,16425.20503,16786.21364,16125.60941,18753.04695,18390.185
Hungary,HUN,CO2 emissions (metric tons per capita),EN.ATM.CO2E.PC,4.407596931,4.508691288,5.052101734,5.033254347,4.836876267,4.591652907,..,..
Iceland,ISL,GDP per capita (current US$),NY.GDP.PCAP.CD,52951.68151,61987.92636,72010.14903,74452.18907,68452.23622,58848.41812,68710.2442,73466.77867
Iceland,ISL,CO2 emissions (metric tons per capita),EN.ATM.CO2E.PC,6.219488234,4.868247282,4.866045428,4.817688768,4.543450104,3.947465365,..,..
India,IND,GDP per capita (current US$),NY.GDP.PCAP.CD,1590.174331,1714.279537,1957.969813,1974.377731,2050.1638,1913.219733,2238.127142,2410.888021
India,IND,CO2 emissions (metric tons per capita),EN.ATM.CO2E.PC,1.631323487,1.639914019,1.704926721,1.795595299,1.752534366,1.576093232,..,..
Indonesia,IDN,GDP per capita (current US$),NY.GDP.PCAP.CD,3322.581679,3558.818852,3839.785075,3902.661676,4151.227554,3895.618152,4334.215983,4787.999308
Indonesia,IDN,CO2 emissions (metric tons per capita),EN.ATM.CO2E.PC,1.887564481,1.848303852,1.948574431,2.126836838,2.245285771,2.071658962,..,..
"Iran, Islamic Rep.",IRN,GDP per capita (current US$),NY.GDP.PCAP.CD,4990.936795,5497.243233,5758.590728,3850.751253,3276.753265,2746.419483,4084.200305,4669.57138
"Iran, Islamic Rep.",IRN,CO2 emissions (metric tons per capita),EN.ATM.CO2E.PC,7.325792139,7.288966176,7.412902628,7.445127905,7.222980003,7.063351321,..,..
Iraq,IRQ,GDP per capita (current US$),NY.GDP.PCAP.CD,4416.942924,4305.202702,4725.193573,5601.467061,5621.181695,4251.337253,4770.835343,5937.195466
Iraq,IRQ,CO2 emissions (metric tons per capita),EN.ATM.CO2E.PC,3.526944212,3.702550805,3.948808972,4.142680466,4.347264139,3.84217782,..,..
Ireland,IRL,GDP per capita (current US$),NY.GDP.PCAP.CD,62179.26427,62784.06569,70150.73702,79446.93911,80848.3019,85973.08849,102001.7982,103983.2913
Ireland,IRL,CO2 emissions (metric tons per capita),EN.ATM.CO2E.PC,7.887609351,8.203375787,7.848149556,7.699027554,7.257748757,6.76822759,..,..
Isle of Man,IMN,GDP per capita (current US$),NY.GDP.PCAP.CD,84753.45673,82041.62105,83510.30375,89425.89139,87152.45302,79530.60548,..,..
Isle of Man,IMN,CO2 emissions (metric tons per capita),EN.ATM.CO2E.PC,..,..,..,..,..,..,..,..
Israel,ISR,GDP per capita (current US$),NY.GDP.PCAP.CD,36206.52222,37690.47395,41114.78171,42406.84543,44452.23256,44846.7916,52129.51596,54930.93881
Israel,ISR,CO2 emissions (metric tons per capita),EN.ATM.CO2E.PC,7.913354256,7.633161713,7.563873618,6.91499302,6.935752154,6.345216004,..,..
Italy,ITA,GDP per capita (current US$),NY.GDP.PCAP.CD,30242.38614,30960.73151,32406.72032,34622.16967,33673.75096,31922.91916,36449.25834,34776.42323
Italy,ITA,CO2 emissions (metric tons per capita),EN.ATM.CO2E.PC,5.563294289,5.498244377,5.437912061,5.376940361,5.311030987,4.732372771,..,..
Jamaica,JAM,GDP per capita (current US$),NY.GDP.PCAP.CD,5077.550984,5022.700192,5273.149027,5594.493573,5626.170473,4897.26475,5183.581018,6047.216457
Jamaica,JAM,CO2 emissions (metric tons per capita),EN.ATM.CO2E.PC,2.536711225,2.693657355,2.572661211,3.054588907,2.983289697,2.069041808,..,..
Japan,JPN,GDP per capita (current US$),NY.GDP.PCAP.CD,34960.63938,39375.47316,38834.05293,39751.1331,40415.95676,40040.76551,40058.53733,34017.27181
Japan,JPN,CO2 emissions (metric tons per capita),EN.ATM.CO2E.PC,9.268049646,9.166714407,9.063691208,8.76197885,8.478400575,8.03149587,..,..
Jordan,JOR,GDP per capita (current US$),NY.GDP.PCAP.CD,4064.25301,4003.404746,4073.116403,4146.407311,4159.653754,3998.673138,4152.757954,4311.000046
Jordan,JOR,CO2 emissions (metric tons per capita),EN.ATM.CO2E.PC,2.66573038,2.481771573,2.547315661,2.362363185,2.163621448,1.919172426,..,..
Kazakhstan,KAZ,GDP per capita (current US$),NY.GDP.PCAP.CD,10510.77032,7714.841844,9247.580679,9812.625431,9812.595526,9121.636409,10373.78979,11492.03194
Kazakhstan,KAZ,CO2 emissions (metric tons per capita),EN.ATM.CO2E.PC,10.89105129,11.37883973,11.9137581,11.86754957,11.05087035,11.29774331,..,..
Kenya,KEN,GDP per capita (current US$),NY.GDP.PCAP.CD,1496.653573,1562.076619,1675.988422,1845.783414,1970.08007,1936.250755,2069.661129,2099.301938
Kenya,KEN,CO2 emissions (metric tons per capita),EN.ATM.CO2E.PC,0.386120074,0.403178475,0.41058151,0.385437968,0.382362033,0.374079219,..,..
Kiribati,KIR,GDP per capita (current US$),NY.GDP.PCAP.CD,1459.143983,1506.231003,1566.447136,1607.229825,1410.014643,1403.993853,1766.144289,1701.970665
Kiribati,KIR,CO2 emissions (metric tons per capita),EN.ATM.CO2E.PC,0.520105906,0.478428527,0.604011233,0.598719134,0.592397035,0.449933973,..,..
"Korea, Dem. People's Rep.",PRK,GDP per capita (current US$),NY.GDP.PCAP.CD,..,..,..,..,..,..,..,..
"Korea, Dem. People's Rep.",PRK,CO2 emissions (metric tons per capita),EN.ATM.CO2E.PC,0.993803353,1.107842889,2.127501061,1.954950024,2.156763691,2.027148619,..,..
"Korea, Rep.",KOR,GDP per capita (current US$),NY.GDP.PCAP.CD,28737.43917,29280.44032,31600.73587,33447.15628,31902.4169,31721.29891,35142.26427,32422.57449
"Korea, Rep.",KOR,CO2 emissions (metric tons per capita),EN.ATM.CO2E.PC,11.91468649,12.0162046,12.19149342,12.21645617,11.82528359,10.99002958,..,..
Kosovo,XKX,GDP per capita (current US$),NY.GDP.PCAP.CD,3520.782075,3759.472855,4009.353811,4384.18868,4416.029253,4310.934002,5269.783901,5340.268798
Kosovo,XKX,CO2 emissions (metric tons per capita),EN.ATM.CO2E.PC,..,..,..,..,..,..,..,..
Kuwait,KWT,GDP per capita (current US$),NY.GDP.PCAP.CD,29315.19851,27026.68766,29258.26633,32012.18752,30666.23713,24297.7108,32324.8409,41079.5227
Kuwait,KWT,CO2 emissions (metric tons per capita),EN.ATM.CO2E.PC,22.77502,22.57269795,21.91040082,21.46122994,21.13521425,21.16961025,..,..
Kyrgyz Republic,KGZ,GDP per capita (current US$),NY.GDP.PCAP.CD,1121.082696,1120.667058,1242.77022,1308.139785,1451.515638,1256.929226,1365.508304,1655.072698
Kyrgyz Republic,KGZ,CO2 emissions (metric tons per capita),EN.ATM.CO2E.PC,1.723480334,1.59151246,1.522861476,1.788258367,1.551593817,1.37997538,..,..
Lao PDR,LAO,GDP per capita (current US$),NY.GDP.PCAP.CD,2125.459057,2309.049076,2439.463355,2553.361866,2598.505523,2593.355097,2535.623434,2054.430781
Lao PDR,LAO,CO2 emissions (metric tons per capita),EN.ATM.CO2E.PC,1.307698847,2.278533289,2.72288168,2.767597944,2.658175141,2.620283441,..,..
Latvia,LVA,GDP per capita (current US$),NY.GDP.PCAP.CD,13786.4568,14331.75159,15695.11515,17865.03109,17883.34941,18096.20271,20930.39824,21779.50426
Latvia,LVA,CO2 emissions (metric tons per capita),EN.ATM.CO2E.PC,3.699519653,3.646422599,3.664156174,4.039697505,3.954965509,3.645612168,..,..
Lebanon,LBN,GDP per capita (current US$),NY.GDP.PCAP.CD,7802.751368,8172.299476,8679.897422,9225.845155,8925.42186,5599.957523,4136.146575,..
Lebanon,LBN,CO2 emissions (metric tons per capita),EN.ATM.CO2E.PC,4.222074281,4.434700371,4.774872603,4.604611215,4.655297984,3.792193537,..,..
Lesotho,LSO,GDP per capita (current US$),NY.GDP.PCAP.CD,1113.836835,994.2397641,1062.456192,1162.978854,1061.223356,917.3563813,1029.506189,969.9357602
Lesotho,LSO,CO2 emissions (metric tons per capita),EN.ATM.CO2E.PC,1.012121192,0.991756971,1.106736011,1.035751771,1.033426757,1.025642163,..,..
Liberia,LBR,GDP per capita (current US$),NY.GDP.PCAP.CD,699.6629469,722.1312268,706.892692,700.0370394,665.8784476,597.5296919,675.6631858,754.5328429
Liberia,LBR,CO2 emissions (metric tons per capita),EN.ATM.CO2E.PC,0.270535775,0.297038076,0.264435601,0.230417244,0.22991646,0.231838924,..,..
Libya,LBY,GDP per capita (current US$),NY.GDP.PCAP.CD,7867.515731,7945.00605,10529.11627,11838.29871,10542.42902,7034.658364,5908.951323,6716.095985
Libya,LBY,CO2 emissions (metric tons per capita),EN.ATM.CO2E.PC,8.289607872,7.75123858,8.167602423,8.351625314,8.325767595,6.682805471,..,..
Liechtenstein,LIE,GDP per capita (current US$),NY.GDP.PCAP.CD,167809.2699,165845.9952,170875.6821,175286.679,167259.1603,165287.1868,197504.5489,..
Liechtenstein,LIE,CO2 emissions (metric tons per capita),EN.ATM.CO2E.PC,4.277172909,3.984106358,4.1112037,3.744019355,3.872608388,3.663847998,..,..
Lithuania,LTU,GDP per capita (current US$),NY.GDP.PCAP.CD,14263.96458,15008.31324,16885.40739,19186.35959,19615.54915,20381.85578,23849.6157,25064.80891
Lithuania,LTU,CO2 emissions (metric tons per capita),EN.ATM.CO2E.PC,3.809894282,3.905926684,3.967680702,4.159315063,4.200151961,4.184000415,..,..
Luxembourg,LUX,GDP per capita (current US$),NY.GDP.PCAP.CD,105462.0126,106899.2935,110193.2138,116786.5117,112726.4397,116905.3704,133711.7944,125006.0218
Luxembourg,LUX,CO2 emissions (metric tons per capita),EN.ATM.CO2E.PC,16.03464863,15.19877529,15.1030627,15.33152397,15.3230398,12.45695323,..,..
"Macao SAR, China",MAC,GDP per capita (current US$),NY.GDP.PCAP.CD,73220.63556,71919.05492,78896.27475,84779.45369,82998.6361,37474.73459,45104.89218,34584.85909
"Macao SAR, China",MAC,CO2 emissions (metric tons per capita),EN.ATM.CO2E.PC,..,..,..,..,..,..,..,..
Madagascar,MDG,GDP per capita (current US$),NY.GDP.PCAP.CD,455.6380346,464.6161584,503.4980587,512.5439915,512.2796656,462.4042288,503.3520812,516.592616
Madagascar,MDG,CO2 emissions (metric tons per capita),EN.ATM.CO2E.PC,0.132173016,0.124763837,0.13301723,0.123102265,0.142653575,0.097269541,..,..
Malawi,MWI,GDP per capita (current US$),NY.GDP.PCAP.CD,544.2768727,454.4432661,500.1655472,537.9322041,584.3628673,622.1845913,633.6097332,645.1586921
Malawi,MWI,CO2 emissions (metric tons per capita),EN.ATM.CO2E.PC,0.064320428,0.070297394,0.077992672,0.087620332,0.087118813,0.084636158,..,..
Malaysia,MYS,GDP per capita (current US$),NY.GDP.PCAP.CD,9699.600463,9555.669593,9979.704473,11073.97897,11132.10274,10164.34443,11134.62295,11993.18761
Malaysia,MYS,CO2 emissions (metric tons per capita),EN.ATM.CO2E.PC,7.603420444,7.348421251,7.039825673,7.452371382,7.464999716,7.383715412,..,..
Maldives,MDV,GDP per capita (current US$),NY.GDP.PCAP.CD,9480.431514,9708.141348,10194.74615,11034.7236,11349.85926,7216.816371,10076.31753,11780.81691
Maldives,MDV,CO2 emissions (metric tons per capita),EN.ATM.CO2E.PC,3.074736789,3.227063392,3.272571025,3.626484917,3.963267183,2.826385298,..,..
Mali,MLI,GDP per capita (current US$),NY.GDP.PCAP.CD,723.5042049,750.0518091,795.6828016,856.3565966,840.1757464,822.9061368,881.5100887,833.2972551
Mali,MLI,CO2 emissions (metric tons per capita),EN.ATM.CO2E.PC,0.184608688,0.182277042,0.187961953,0.194032416,0.191438656,0.195565971,..,..
Malta,MLT,GDP per capita (current US$),NY.GDP.PCAP.CD,24921.71418,25623.94163,28813.18534,31785.88483,31727.00707,29597.63616,34881.29127,34127.51056
Malta,MLT,CO2 emissions (metric tons per capita),EN.ATM.CO2E.PC,3.723376766,2.969764316,3.250434296,3.203474816,3.290468236,3.125557893,..,..
Marshall Islands,MHL,GDP per capita (current US$),NY.GDP.PCAP.CD,3703.649059,4153.117176,4507.622862,4771.359204,5186.833842,5545.600267,6130.437137,6225.179222
Marshall Islands,MHL,CO2 emissions (metric tons per capita),EN.ATM.CO2E.PC,2.960939081,3.031306255,3.164007036,3.285568288,3.405025935,2.533803239,..,..
Mauritania,MRT,GDP per capita (current US$),NY.GDP.PCAP.CD,1562.726836,1579.200717,1634.642158,1749.954236,1800.875187,1836.292411,1998.394003,2065.155516
Mauritania,MRT,CO2 emissions (metric tons per capita),EN.ATM.CO2E.PC,0.751732037,0.637776445,0.81929993,0.87013594,0.872475307,0.855176406,..,..
Mauritius,MUS,GDP per capita (current US$),NY.GDP.PCAP.CD,9507.871337,9965.725311,10841.68478,11643.4606,11403.25279,9011.042884,9068.980181,10256.23031
Mauritius,MUS,CO2 emissions (metric tons per capita),EN.ATM.CO2E.PC,3.136404992,3.193281567,3.30021575,3.26641524,3.296800515,2.938514108,..,..
Mexico,MEX,GDP per capita (current US$),NY.GDP.PCAP.CD,10098.17318,9152.737223,9693.330091,10130.3207,10434.57837,8894.89065,10359.14986,11496.52287
Mexico,MEX,CO2 emissions (metric tons per capita),EN.ATM.CO2E.PC,3.925368326,3.920323024,3.862759412,3.587489305,3.612165141,3.040766375,..,..
"Micronesia, Fed. Sts.",FSM,GDP per capita (current US$),NY.GDP.PCAP.CD,2891.322103,3022.653627,3320.354976,3623.329337,3734.994927,3639.412699,3588.759933,3713.955362
"Micronesia, Fed. Sts.",FSM,CO2 emissions (metric tons per capita),EN.ATM.CO2E.PC,1.323747054,1.338185126,1.328443358,1.332383777,1.330591943,0.958913885,..,..
Moldova,MDA,GDP per capita (current US$),NY.GDP.PCAP.CD,2749.913038,2847.635069,3454.95469,4156.9575,4404.950422,4376.242493,5274.744847,5714.430488
Moldova,MDA,CO2 emissions (metric tons per capita),EN.ATM.CO2E.PC,2.828160162,2.904908914,2.926840954,3.160420552,3.348667379,3.267846368,..,..
Monaco,MCO,GDP per capita (current US$),NY.GDP.PCAP.CD,170338.6804,174412.4945,173611.6879,193968.0901,199382.8386,182537.3874,235132.7842,240862.1824
Monaco,MCO,CO2 emissions (metric tons per capita),EN.ATM.CO2E.PC,..,..,..,..,..,..,..,..
Mongolia,MNG,GDP per capita (current US$),NY.GDP.PCAP.CD,3919.351213,3690.756778,3708.248221,4165.022821,4394.94715,4041.174146,4566.14013,5045.5047
Mongolia,MNG,CO2 emissions (metric tons per capita),EN.ATM.CO2E.PC,5.835434973,5.998504731,6.32277465,6.809659067,7.160835656,6.430645335,..,..
Montenegro,MNE,GDP per capita (current US$),NY.GDP.PCAP.CD,6517.192675,7033.439624,7803.358245,8850.374925,8909.653876,7677.371321,9465.96153,10093.4387
Montenegro,MNE,CO2 emissions (metric tons per capita),EN.ATM.CO2E.PC,3.791795988,3.456033476,3.642510199,4.018308431,4.181644556,4.067560912,..,..
Morocco,MAR,GDP per capita (current US$),NY.GDP.PCAP.CD,3139.228271,3132.952148,3288.502686,3492.672607,3498.582764,3258.269043,3767.524902,3441.991455
Morocco,MAR,CO2 emissions (metric tons per capita),EN.ATM.CO2E.PC,1.74053353,1.71730557,1.773662915,1.789327961,1.955308017,1.818526387,..,..
Mozambique,MOZ,GDP per capita (current US$),NY.GDP.PCAP.CD,603.8385138,435.760991,464.2947213,510.3799965,512.2157638,456.581929,504.0377871,558.2986064
Mozambique,MOZ,CO2 emissions (metric tons per capita),EN.ATM.CO2E.PC,0.204084856,0.261542138,0.25069794,0.233657168,0.248639659,0.222767553,..,..
Myanmar,MMR,GDP per capita (current US$),NY.GDP.PCAP.CD,1159.340201,1218.217034,1263.285263,1288.418087,1415.379676,1479.613689,1231.694666,1149.211218
Myanmar,MMR,CO2 emissions (metric tons per capita),EN.ATM.CO2E.PC,0.36970746,0.421272122,0.6214961,0.622498221,0.640928811,0.634080348,..,..
Namibia,NAM,GDP per capita (current US$),NY.GDP.PCAP.CD,4965.672765,4614.892075,5453.570623,5687.381043,5126.176143,4252.04172,4919.188955,5031.11503
Namibia,NAM,CO2 emissions (metric tons per capita),EN.ATM.CO2E.PC,1.812455754,1.78707316,1.786398504,1.778831765,1.764171657,1.588045147,..,..
Nauru,NRU,GDP per capita (current US$),NY.GDP.PCAP.CD,7587.25441,8528.630151,9361.037397,10985.8744,10316.52782,10124.70062,11632.6925,11970.93828
Nauru,NRU,CO2 emissions (metric tons per capita),EN.ATM.CO2E.PC,4.872597228,4.607851709,4.793699709,4.52868165,4.401582591,3.361753959,..,..
Nepal,NPL,GDP per capita (current US$),NY.GDP.PCAP.CD,882.3076634,880.2248936,1027.965474,1161.53435,1185.682318,1139.189892,1229.394205,1336.546047
Nepal,NPL,CO2 emissions (metric tons per capita),EN.ATM.CO2E.PC,0.260272199,0.385328177,0.470677341,0.531081943,0.480724943,0.509366247,..,..
Netherlands,NLD,GDP per capita (current US$),NY.GDP.PCAP.CD,45193.40322,46039.10593,48675.22234,53044.53244,52476.27325,52162.57012,58727.87055,57025.01246
Netherlands,NLD,CO2 emissions (metric tons per capita),EN.ATM.CO2E.PC,9.290242937,9.306892404,9.089265634,8.785144105,8.41396928,7.471553479,..,..
New Caledonia,NCL,GDP per capita (current US$),NY.GDP.PCAP.CD,32428.57223,32286.9105,33876.32909,36495.19594,34934.57943,34877.63563,37247.49312,35745.18505
New Caledonia,NCL,CO2 emissions (metric tons per capita),EN.ATM.CO2E.PC,..,..,..,..,..,..,..,..
New Zealand,NZL,GDP per capita (current US$),NY.GDP.PCAP.CD,38630.72659,40058.19616,42910.97284,43236.88669,42796.43058,41760.59478,49996.42067,48418.59166
New Zealand,NZL,CO2 emissions (metric tons per capita),EN.ATM.CO2E.PC,7.003340999,6.615409092,6.840493601,6.613271844,6.830053021,6.160799183,..,..
Nicaragua,NIC,GDP per capita (current US$),NY.GDP.PCAP.CD,2025.321432,2079.451027,2127.282818,1981.858367,1905.638328,1876.607378,2064.929246,2255.425995
Nicaragua,NIC,CO2 emissions (metric tons per capita),EN.ATM.CO2E.PC,0.839345518,0.846846297,0.837724434,0.764549887,0.77010182,0.678252104,..,..
Niger,NER,GDP per capita (current US$),NY.GDP.PCAP.CD,481.1113011,497.0361208,514.543398,568.5996597,549.8161278,564.8416623,590.6294948,585.4049292
Niger,NER,CO2 emissions (metric tons per capita),EN.ATM.CO2E.PC,0.104907442,0.100195285,0.087450861,0.086649465,0.092100576,0.090325578,..,..
Nigeria,NGA,GDP per capita (current US$),NY.GDP.PCAP.CD,2679.554223,2144.780344,1941.879479,2125.834491,2334.023643,2074.613747,2065.77441,2162.633734
Nigeria,NGA,CO2 emissions (metric tons per capita),EN.ATM.CO2E.PC,0.585591675,0.587371085,0.560638215,0.572783212,0.588005207,0.537510175,..,..
North Macedonia,MKD,GDP per capita (current US$),NY.GDP.PCAP.CD,4861.55616,5149.586764,5450.497069,6108.73917,6070.388054,5965.450232,6778.562878,6591.471314
North Macedonia,MKD,CO2 emissions (metric tons per capita),EN.ATM.CO2E.PC,3.449913198,3.359581952,3.58457114,3.347723287,3.831137375,3.279420187,..,..
Northern Mariana Islands,MNP,GDP per capita (current US$),NY.GDP.PCAP.CD,17665.10075,24054.91561,30751.64107,25862.75445,23687.27185,17302.92214,..,..
Northern Mariana Islands,MNP,CO2 emissions (metric tons per capita),EN.ATM.CO2E.PC,..,..,..,..,..,..,..,..
Norway,NOR,GDP per capita (current US$),NY.GDP.PCAP.CD,74809.9658,70867.361,76131.8384,82792.84271,76430.58895,68340.0181,93072.89251,108729.1869
Norway,NOR,CO2 emissions (metric tons per capita),EN.ATM.CO2E.PC,7.764858661,7.56103856,7.42375167,7.261315879,7.042320943,6.72508005,..,..
Oman,OMN,GDP per capita (current US$),NY.GDP.PCAP.CD,18777.43306,17082.2062,17802.57512,19887.57431,19132.15227,16707.62301,19509.46646,25056.79486
Oman,OMN,CO2 emissions (metric tons per capita),EN.ATM.CO2E.PC,16.73078428,16.415746,15.77179716,16.37957583,16.45635843,15.636201,..,..
Pakistan,PAK,GDP per capita (current US$),NY.GDP.PCAP.CD,1421.835278,1468.822082,1567.640612,1620.742591,1437.165833,1322.314785,1506.108293,1588.879829
Pakistan,PAK,CO2 emissions (metric tons per capita),EN.ATM.CO2E.PC,0.778086203,0.848207169,0.918472672,0.85042708,0.824459652,0.810360216,..,..
Palau,PLW,GDP per capita (current US$),NY.GDP.PCAP.CD,15761.36338,16743.37674,16011.66115,16152.38923,15738.46701,14349.31682,12921.82732,..
Palau,PLW,CO2 emissions (metric tons per capita),EN.ATM.CO2E.PC,11.29032258,11.66928604,11.94146998,11.86184505,12.134405,8.802581794,..,..
Panama,PAN,GDP per capita (current US$),NY.GDP.PCAP.CD,13669.55944,14382.23238,15185.97248,16156.07429,16472.83175,13293.3332,15491.2898,17357.62863
Panama,PAN,CO2 emissions (metric tons per capita),EN.ATM.CO2E.PC,2.681231882,2.645680837,2.474668969,2.381318791,3.095050433,2.231443025,..,..
Papua New Guinea,PNG,GDP per capita (current US$),NY.GDP.PCAP.CD,2502.073445,2332.675888,2495.140773,2584.327802,2593.775554,2446.084687,2624.60411,3115.922923
Papua New Guinea,PNG,CO2 emissions (metric tons per capita),EN.ATM.CO2E.PC,0.733652654,0.737248613,0.713597978,0.76254978,0.78255289,0.563251566,..,..
Paraguay,PRY,GDP per capita (current US$),NY.GDP.PCAP.CD,5861.401895,5759.042198,6136.058301,6242.961454,5807.838794,5353.348065,5959.441794,6153.055657
Paraguay,PRY,CO2 emissions (metric tons per capita),EN.ATM.CO2E.PC,1.030681699,1.147764782,1.246325175,1.297481674,1.240668873,1.144591192,..,..
Peru,PER,GDP per capita (current US$),NY.GDP.PCAP.CD,6180.119268,6163.860425,6676.308793,6912.103988,6955.880824,6063.626923,6635.464148,7125.829931
Peru,PER,CO2 emissions (metric tons per capita),EN.ATM.CO2E.PC,1.776300578,1.826380485,1.717243013,1.695130882,1.735641775,1.398566019,..,..
Philippines,PHL,GDP per capita (current US$),NY.GDP.PCAP.CD,2974.296917,3038.152037,3077.434419,3194.672701,3413.849044,3224.422811,3460.539382,3498.509806
Philippines,PHL,CO2 emissions (metric tons per capita),EN.ATM.CO2E.PC,1.077253514,1.152751307,1.250314542,1.28139073,1.32152779,1.189679452,..,..
Poland,POL,GDP per capita (current US$),NY.GDP.PCAP.CD,12560.05142,12378.81176,13815.49995,15504.50894,15700.01358,15816.8204,18050.27944,18688.00449
Poland,POL,CO2 emissions (metric tons per capita),EN.ATM.CO2E.PC,7.610021183,7.895752254,8.236243136,8.209531333,7.768855783,7.367563373,..,..
Portugal,PRT,GDP per capita (current US$),NY.GDP.PCAP.CD,19250.10654,19991.97249,21490.42986,23562.55452,23330.81729,22242.40642,24661.16649,24515.26585
Portugal,PRT,CO2 emissions (metric tons per capita),EN.ATM.CO2E.PC,4.812853275,4.716035676,5.171956157,4.809612613,4.332448043,3.784907587,..,..
Puerto Rico,PRI,GDP per capita (current US$),NY.GDP.PCAP.CD,29763.4883,30627.1634,31108.75275,31615.06679,32916.8668,31427.42911,32601.56564,35208.63719
Puerto Rico,PRI,CO2 emissions (metric tons per capita),EN.ATM.CO2E.PC,..,..,..,..,..,..,..,..
Qatar,QAT,GDP per capita (current US$),NY.GDP.PCAP.CD,66984.9102,58467.23557,59407.69805,66264.08117,62827.39695,52315.66008,66858.74172,87661.45015
Qatar,QAT,CO2 emissions (metric tons per capita),EN.ATM.CO2E.PC,35.29042195,33.5495687,32.25663823,31.48096744,31.87720301,31.72684245,..,..
Romania,ROU,GDP per capita (current US$),NY.GDP.PCAP.CD,8976.954489,9404.381259,10727.97086,12494.42358,12957.99911,13047.45666,14946.62497,15786.80174
Romania,ROU,CO2 emissions (metric tons per capita),EN.ATM.CO2E.PC,3.699829468,3.633348386,3.788308728,3.861061715,3.817062957,3.564137501,..,..
Russian Federation,RUS,GDP per capita (current US$),NY.GDP.PCAP.CD,9313.021484,8704.894531,10720.33203,11287.35449,11536.25879,10194.44141,12532.05078,15270.70605
Russian Federation,RUS,CO2 emissions (metric tons per capita),EN.ATM.CO2E.PC,11.0520055,10.88742693,11.03519921,11.49657125,11.79719417,11.23228807,..,..
Rwanda,RWA,GDP per capita (current US$),NY.GDP.PCAP.CD,733.8874728,728.8696189,756.5476411,768.9436612,806.1008203,773.7732609,821.1713948,966.2320714
Rwanda,RWA,CO2 emissions (metric tons per capita),EN.ATM.CO2E.PC,0.092797716,0.096220746,0.102654554,0.111987033,0.113057798,0.10512414,..,..
Samoa,WSM,GDP per capita (current US$),NY.GDP.PCAP.CD,4048.467113,4105.810905,4261.640343,4189.052191,4308.300729,4042.722752,3857.689742,3745.560367
Samoa,WSM,CO2 emissions (metric tons per capita),EN.ATM.CO2E.PC,1.141125209,1.200229635,1.229109474,1.185974316,1.315212005,0.960782398,..,..
San Marino,SMR,GDP per capita (current US$),NY.GDP.PCAP.CD,42281.81125,43398.42853,44885.51784,48464.52465,47287.39839,45321.48922,54982.45171,..
San Marino,SMR,CO2 emissions (metric tons per capita),EN.ATM.CO2E.PC,..,..,..,..,..,..,..,..
Sao Tome and Principe,STP,GDP per capita (current US$),NY.GDP.PCAP.CD,1292.733055,1428.257908,1547.82271,1815.605495,1924.40815,2155.265868,2350.452701,2386.696176
Sao Tome and Principe,STP,CO2 emissions (metric tons per capita),EN.ATM.CO2E.PC,0.61454625,0.628933891,0.646042031,0.650598077,0.653311525,0.64535014,..,..
Saudi Arabia,SAU,GDP per capita (current US$),NY.GDP.PCAP.CD,20442.36606,19930.40754,20910.48296,24175.58331,23405.7061,20398.06099,24315.61855,30447.88371
Saudi Arabia,SAU,CO2 emissions (metric tons per capita),EN.ATM.CO2E.PC,17.25779307,16.7951031,16.0777919,15.06550049,14.70301665,14.26658537,..,..
Senegal,SEN,GDP per capita (current US$),NY.GDP.PCAP.CD,1238.1264,1290.749971,1385.199214,1484.22707,1462.678353,1492.475903,1633.560119,1598.726433
Senegal,SEN,CO2 emissions (metric tons per capita),EN.ATM.CO2E.PC,0.646794576,0.686906343,0.646584895,0.653397076,0.768574984,0.649800561,..,..
Serbia,SRB,GDP per capita (current US$),NY.GDP.PCAP.CD,5588.979444,5765.203352,6292.546549,7252.403668,7417.206608,7733.803469,9232.961606,9537.682867
Serbia,SRB,CO2 emissions (metric tons per capita),EN.ATM.CO2E.PC,6.399950503,6.607094434,6.743135953,6.615354386,6.627579916,6.714517172,..,..
Seychelles,SYC,GDP per capita (current US$),NY.GDP.PCAP.CD,14894.48578,15409.80463,15961.24363,16411.92112,16851.11976,12020.02106,12963.05898,13250.45583
Seychelles,SYC,CO2 emissions (metric tons per capita),EN.ATM.CO2E.PC,5.350089382,5.973995796,5.954529804,6.22455096,6.097823303,6.080518373,..,..
Sierra Leone,SLE,GDP per capita (current US$),NY.GDP.PCAP.CD,581.2934118,515.4478396,484.4561288,519.6499639,506.6069138,493.4322406,504.6212876,475.7957278
Sierra Leone,SLE,CO2 emissions (metric tons per capita),EN.ATM.CO2E.PC,0.148261607,0.156233466,0.145879586,0.132764622,0.129094346,0.127277607,..,..
Singapore,SGP,GDP per capita (current US$),NY.GDP.PCAP.CD,55645.60686,56895.65831,61164.89736,66836.522,66070.48681,61273.99166,77710.08924,82807.62906
Singapore,SGP,CO2 emissions (metric tons per capita),EN.ATM.CO2E.PC,8.208109049,8.019891274,8.432299827,8.018212077,7.918410385,7.686683702,..,..
Sint Maarten (Dutch part),SXM,GDP per capita (current US$),NY.GDP.PCAP.CD,36519.99259,35703.09995,33351.70655,30791.06108,33836.77335,29223.06962,31711.61199,35873.05649
Sint Maarten (Dutch part),SXM,CO2 emissions (metric tons per capita),EN.ATM.CO2E.PC,..,..,..,..,..,..,..,..
Slovak Republic,SVK,GDP per capita (current US$),NY.GDP.PCAP.CD,16390.88217,16563.4405,17585.197,19486.39368,19381.89055,19552.09111,21768.14867,21256.80843
Slovak Republic,SVK,CO2 emissions (metric tons per capita),EN.ATM.CO2E.PC,5.670137972,5.799847463,6.173022221,6.059571809,5.6897073,5.319054808,..,..
Slovenia,SVN,GDP per capita (current US$),NY.GDP.PCAP.CD,20890.16643,21678.35947,23514.02546,26123.74713,26042.44635,25558.42905,29331.0647,28439.3341
Slovenia,SVN,CO2 emissions (metric tons per capita),EN.ATM.CO2E.PC,6.367580618,6.732550718,6.834970006,6.785737362,6.543333724,5.934735179,..,..
Solomon Islands,SLB,GDP per capita (current US$),NY.GDP.PCAP.CD,2134.805418,2196.283891,2283.579051,2450.482888,2398.77305,2222.462119,2232.536954,2205.251805
Solomon Islands,SLB,CO2 emissions (metric tons per capita),EN.ATM.CO2E.PC,0.496360134,0.474604443,0.458335016,0.456428451,0.451560238,0.323065549,..,..
Somalia,SOM,GDP per capita (current US$),NY.GDP.PCAP.CD,507.4829155,517.0975815,555.1851236,537.1592902,589.4658919,556.578066,576.5236782,592.103122
Somalia,SOM,CO2 emissions (metric tons per capita),EN.ATM.CO2E.PC,0.046948882,0.04578514,0.044058817,0.042573227,0.041029203,0.039934653,..,..
South Africa,ZAF,GDP per capita (current US$),NY.GDP.PCAP.CD,6204.929901,5735.066787,6734.475153,7067.724165,6702.526617,5753.066494,7073.612754,6766.481254
South Africa,ZAF,CO2 emissions (metric tons per capita),EN.ATM.CO2E.PC,7.607188524,7.544589571,7.683707811,7.667377025,7.688907623,6.687563147,..,..
South Sudan,SSD,GDP per capita (current US$),NY.GDP.PCAP.CD,1071.777765,..,..,..,..,..,..,..
South Sudan,SSD,CO2 emissions (metric tons per capita),EN.ATM.CO2E.PC,0.175928837,0.156351309,0.14187164,0.170162965,0.174641877,0.164309137,..,..
Spain,ESP,GDP per capita (current US$),NY.GDP.PCAP.CD,25754.36103,26537.15949,28185.32137,30379.72111,29581.51855,26984.29628,30488.82095,29674.54429
Spain,ESP,CO2 emissions (metric tons per capita),EN.ATM.CO2E.PC,5.538855216,5.340585339,5.681590779,5.521059835,5.131798801,4.279594571,..,..
Sri Lanka,LKA,GDP per capita (current US$),NY.GDP.PCAP.CD,3990.353117,4107.829775,4388.201906,4360.584735,4082.694049,3852.389091,3996.571995,3354.383408
Sri Lanka,LKA,CO2 emissions (metric tons per capita),EN.ATM.CO2E.PC,0.901775003,1.081309957,1.075961371,1.000936779,1.074526441,0.996683243,..,..
St. Kitts and Nevis,KNA,GDP per capita (current US$),NY.GDP.PCAP.CD,20025.65235,21079.52097,22148.51243,22533.88205,23204.97056,18553.65714,18035.38614,20262.26714
St. Kitts and Nevis,KNA,CO2 emissions (metric tons per capita),EN.ATM.CO2E.PC,4.971751412,5.118439776,5.085277807,5.133895856,5.187374245,4.848662944,..,..
St. Lucia,LCA,GDP per capita (current US$),NY.GDP.PCAP.CD,10290.37157,10574.38658,11270.47471,11563.83043,11773.42748,8951.524766,10916.22708,13030.92848
St. Lucia,LCA,CO2 emissions (metric tons per capita),EN.ATM.CO2E.PC,2.853840328,2.865435087,2.996675378,2.967597589,2.993566017,2.785139229,..,..
St. Martin (French part),MAF,GDP per capita (current US$),NY.GDP.PCAP.CD,..,..,..,..,19691.61671,..,20320.71688,..
St. Martin (French part),MAF,CO2 emissions (metric tons per capita),EN.ATM.CO2E.PC,..,..,..,..,..,..,..,..
St. Vincent and the Grenadines,VCT,GDP per capita (current US$),NY.GDP.PCAP.CD,7386.746638,7684.79284,7996.636984,8399.707731,8680.251102,8306.360493,8360.064239,9125.324771
St. Vincent and the Grenadines,VCT,CO2 emissions (metric tons per capita),EN.ATM.CO2E.PC,2.314945249,2.408387833,2.132658765,2.396443803,2.240669437,2.100695772,..,..
Sudan,SDN,GDP per capita (current US$),NY.GDP.PCAP.CD,2226.409424,2614.294434,3188.769287,769.8691406,748.0109253,608.3325195,749.7067871,1102.146484
Sudan,SDN,CO2 emissions (metric tons per capita),EN.ATM.CO2E.PC,0.504548222,0.546080395,0.530471761,0.515971084,0.511922937,0.467953928,..,..
Suriname,SUR,GDP per capita (current US$),NY.GDP.PCAP.CD,8907.837258,5705.399487,6112.883014,6730.836961,6690.044786,4796.533314,5026.879493,5858.824661
Suriname,SUR,CO2 emissions (metric tons per capita),EN.ATM.CO2E.PC,4.733654807,5.081899999,4.160143917,3.615421541,4.42581305,4.285076557,..,..
Sweden,SWE,GDP per capita (current US$),NY.GDP.PCAP.CD,51545.48361,51965.15715,53791.50873,54589.06039,51939.42974,52837.90398,61417.68088,56424.2847
Sweden,SWE,CO2 emissions (metric tons per capita),EN.ATM.CO2E.PC,3.992178534,3.899110005,3.794924047,3.529743944,3.401593966,3.242989143,..,..
Switzerland,CHE,GDP per capita (current US$),NY.GDP.PCAP.CD,83806.4476,82153.07454,82254.37693,85217.36915,84121.93103,85897.78433,93446.43445,93259.90572
Switzerland,CHE,CO2 emissions (metric tons per capita),EN.ATM.CO2E.PC,4.719745349,4.737238602,4.57876628,4.402143727,4.358609865,4.042072815,..,..
Syrian Arab Republic,SYR,GDP per capita (current US$),NY.GDP.PCAP.CD,857.4978671,664.3416724,862.3190633,1111.872092,1124.520554,537.0902346,420.6227052,..
Syrian Arab Republic,SYR,CO2 emissions (metric tons per capita),EN.ATM.CO2E.PC,1.315306737,1.290802295,1.358789083,1.46394363,1.335459488,1.214802484,..,..
Tajikistan,TJK,GDP per capita (current US$),NY.GDP.PCAP.CD,970.3625997,801.39384,844.3652498,850.6669582,889.0233718,852.3302296,916.6919671,1054.189484
Tajikistan,TJK,CO2 emissions (metric tons per capita),EN.ATM.CO2E.PC,0.575406353,0.629971309,0.75712073,0.887070871,0.960233171,0.977533024,..,..
Tanzania,TZA,GDP per capita (current US$),NY.GDP.PCAP.CD,929.7998047,942.8890381,975.9046631,1011.600159,1050.931763,1104.164429,1146.031982,1192.766479
Tanzania,TZA,CO2 emissions (metric tons per capita),EN.ATM.CO2E.PC,0.204897632,0.195708591,0.207213702,0.206899782,0.249877327,0.233945592,..,..
Thailand,THA,GDP per capita (current US$),NY.GDP.PCAP.CD,5708.794091,5854.463908,6436.78966,7124.55881,7628.576033,7001.78546,7060.897707,6909.956285
Thailand,THA,CO2 emissions (metric tons per capita),EN.ATM.CO2E.PC,3.824676098,3.794470231,3.767896681,3.718427852,3.849043757,3.714255806,..,..
Timor-Leste,TLS,GDP per capita (current US$),NY.GDP.PCAP.CD,1322.929094,1349.546777,1285.523976,1241.164485,1583.078603,1663.559629,2741.95082,2389.295875
Timor-Leste,TLS,CO2 emissions (metric tons per capita),EN.ATM.CO2E.PC,0.36257695,0.423743347,0.451885605,0.404249333,0.482334951,0.343155166,..,..
Togo,TGO,GDP per capita (current US$),NY.GDP.PCAP.CD,770.1433793,792.4405509,813.3950065,873.5548872,848.3045346,886.6995115,976.6661831,942.6499016
Togo,TGO,CO2 emissions (metric tons per capita),EN.ATM.CO2E.PC,0.244285302,0.300938972,0.257067706,0.272149541,0.296284381,0.286061844,..,..
Tonga,TON,GDP per capita (current US$),NY.GDP.PCAP.CD,4117.931047,3978.437686,4367.256603,4649.613301,4878.978686,4605.970841,4425.971492,..
Tonga,TON,CO2 emissions (metric tons per capita),EN.ATM.CO2E.PC,1.035600535,1.172107807,1.260731395,1.276271992,1.538813351,1.122047618,..,..
Trinidad and Tobago,TTO,GDP per capita (current US$),NY.GDP.PCAP.CD,18508.7705,16139.10526,16258.74893,16328.12689,15642.40672,13705.90023,16056.30204,19629.46534
Trinidad and Tobago,TTO,CO2 emissions (metric tons per capita),EN.ATM.CO2E.PC,14.59453203,12.44893931,12.32558753,11.80540556,11.31303229,10.15711917,..,..
Tunisia,TUN,GDP per capita (current US$),NY.GDP.PCAP.CD,3960.924849,3796.1096,3569.718839,3577.175342,3477.836181,3497.719027,3807.184109,3747.419391
Tunisia,TUN,CO2 emissions (metric tons per capita),EN.ATM.CO2E.PC,2.736460007,2.594443261,2.602781049,2.599764804,2.576495226,2.408622528,..,..
Turkiye,TUR,GDP per capita (current US$),NY.GDP.PCAP.CD,11049.99511,10970.04589,10695.5502,9568.83619,9215.440875,8638.739133,9743.213131,10674.50417
Turkiye,TUR,CO2 emissions (metric tons per capita),EN.ATM.CO2E.PC,4.518290365,4.747839002,5.20587915,5.08691958,4.828961059,4.885863926,..,..
Turkmenistan,TKM,GDP per capita (current US$),NY.GDP.PCAP.CD,6208.296655,6163.253406,6354.53283,6721.34954,7344.880204,7330.366288,7885.299896,8792.548504
Turkmenistan,TKM,CO2 emissions (metric tons per capita),EN.ATM.CO2E.PC,11.06015142,10.91911629,10.70165906,10.43972151,10.26753615,10.1840863,..,..
Turks and Caicos Islands,TCA,GDP per capita (current US$),NY.GDP.PCAP.CD,25783.2941,26995.03216,25659.19586,26831.97146,27795.14856,20882.26127,23158.6379,24917.59581
Turks and Caicos Islands,TCA,CO2 emissions (metric tons per capita),EN.ATM.CO2E.PC,..,..,..,..,..,..,..,..
Tuvalu,TUV,GDP per capita (current US$),NY.GDP.PCAP.CD,3384.383201,3836.073003,4181.436586,4419.259998,4940.050983,4674.911403,5372.760239,5221.532799
Tuvalu,TUV,CO2 emissions (metric tons per capita),EN.ATM.CO2E.PC,0.707915786,0.691116845,0.71111932,0.809940175,0.81234027,0.596259825,..,..
Uganda,UGA,GDP per capita (current US$),NY.GDP.PCAP.CD,864.1800593,753.6844055,766.177604,793.1280822,823.0247329,846.8811992,883.4657281,964.3958695
Uganda,UGA,CO2 emissions (metric tons per capita),EN.ATM.CO2E.PC,0.125731922,0.127652055,0.128890499,0.141311434,0.138373162,0.127793035,..,..
Ukraine,UKR,GDP per capita (current US$),NY.GDP.PCAP.CD,2124.662598,2187.727539,2638.325439,3096.5625,3661.457764,3751.737305,4827.845703,4533.975586
Ukraine,UKR,CO2 emissions (metric tons per capita),EN.ATM.CO2E.PC,4.231466707,4.480765808,3.902160853,4.159868343,3.933652536,3.753816189,..,..
United Arab Emirates,ARE,GDP per capita (current US$),NY.GDP.PCAP.CD,41525.1389,41054.53957,43063.96748,46722.26872,45376.17084,37629.17417,44332.34005,53707.98008
United Arab Emirates,ARE,CO2 emissions (metric tons per capita),EN.ATM.CO2E.PC,21.91450189,22.28070271,21.16549791,19.06094953,20.15334483,20.25227168,..,..
United Kingdom,GBR,GDP per capita (current US$),NY.GDP.PCAP.CD,44964.39114,40985.23514,40572.12148,43203.81411,42662.53537,40217.00901,46869.75906,46125.25575
United Kingdom,GBR,CO2 emissions (metric tons per capita),EN.ATM.CO2E.PC,6.159376361,5.824502691,5.553291497,5.425128404,5.175842473,4.601142251,..,..
United States,USA,GDP per capita (current US$),NY.GDP.PCAP.CD,56762.72945,57866.74493,59907.75426,62823.30944,65120.39466,63528.6343,70219.47245,76329.58227
United States,USA,CO2 emissions (metric tons per capita),EN.ATM.CO2E.PC,15.56001544,15.14988272,14.82324544,15.2225181,14.67338071,13.03282795,..,..
Uruguay,URY,GDP per capita (current US$),NY.GDP.PCAP.CD,16950.75317,16837.94038,18995.39702,19026.04982,18098.36155,15650.4993,17923.99533,20795.04235
Uruguay,URY,CO2 emissions (metric tons per capita),EN.ATM.CO2E.PC,1.956378507,1.911408105,1.783589504,1.910014526,1.985381557,1.89971905,..,..
Uzbekistan,UZB,GDP per capita (current US$),NY.GDP.PCAP.CD,2753.971058,2704.677189,1916.764625,1604.258642,1795.201768,1759.307471,1993.424478,2255.151155
Uzbekistan,UZB,CO2 emissions (metric tons per capita),EN.ATM.CO2E.PC,3.17449495,3.307404884,3.387256627,3.420322793,3.504662697,3.376303785,..,..
Vanuatu,VUT,GDP per capita (current US$),NY.GDP.PCAP.CD,2643.886886,2757.203306,3032.19703,3076.835315,3076.589886,2917.756849,3044.57364,3231.3513
Vanuatu,VUT,CO2 emissions (metric tons per capita),EN.ATM.CO2E.PC,0.485823223,0.534217458,0.485806525,0.597044043,0.548284517,0.389174968,..,..
"Venezuela, RB",VEN,GDP per capita (current US$),NY.GDP.PCAP.CD,..,..,..,..,..,..,..,..
"Venezuela, RB",VEN,CO2 emissions (metric tons per capita),EN.ATM.CO2E.PC,5.343217081,4.894584721,4.573681235,4.363961453,3.71059907,2.545027978,..,..
Viet Nam,VNM,GDP per capita (current US$),NY.GDP.PCAP.CD,2595.234844,2760.717101,2992.071532,3267.225069,3491.09141,3586.347176,3756.488901,4163.514299
Viet Nam,VNM,CO2 emissions (metric tons per capita),EN.ATM.CO2E.PC,2.185814559,2.384159513,2.444644781,3.014711266,3.567848369,3.676440088,..,..
Virgin Islands (U.S.),VIR,GDP per capita (current US$),NY.GDP.PCAP.CD,34007.35294,35324.97489,35365.0693,36663.20876,38633.52989,39411.04525,41976.00831,..
Virgin Islands (U.S.),VIR,CO2 emissions (metric tons per capita),EN.ATM.CO2E.PC,..,..,..,..,..,..,..,..
West Bank and Gaza,PSE,GDP per capita (current US$),NY.GDP.PCAP.CD,3272.154324,3527.613824,3620.360487,3562.330943,3656.858271,3233.568638,3678.635657,3789.327966
West Bank and Gaza,PSE,CO2 emissions (metric tons per capita),EN.ATM.CO2E.PC,..,..,..,..,..,..,..,..
"Yemen, Rep.",YEM,GDP per capita (current US$),NY.GDP.PCAP.CD,1488.416267,1069.816997,893.7164929,701.7148684,693.8165035,578.5120102,543.6375378,650.2722184
"Yemen, Rep.",YEM,CO2 emissions (metric tons per capita),EN.ATM.CO2E.PC,0.4752399,0.342802463,0.322370467,0.36861354,0.354864477,0.308514614,..,..
Zambia,ZMB,GDP per capita (current US$),NY.GDP.PCAP.CD,1307.909649,1249.923143,1495.752138,1475.199883,1268.120941,956.831729,1134.713454,1456.90157
Zambia,ZMB,CO2 emissions (metric tons per capita),EN.ATM.CO2E.PC,0.305054766,0.316995215,0.393726369,0.440527424,0.414336364,0.401902713,..,..
Zimbabwe,ZWE,GDP per capita (current US$),NY.GDP.PCAP.CD,1410.329173,1421.787791,1192.107012,2269.177012,1421.868596,1372.696674,1773.920411,1676.821489
Zimbabwe,ZWE,CO2 emissions (metric tons per capita),EN.ATM.CO2E.PC,0.846962441,0.723061927,0.66306915,0.735434805,0.663338328,0.530483547,..,..
Africa Eastern and Southern,AFE,GDP per capita (current US$),NY.GDP.PCAP.CD,1554.167299,1444.003514,1625.286236,1558.307482,1507.982881,1355.805923,1545.613215,1644.062829
Africa Eastern and Southern,AFE,CO2 emissions (metric tons per capita),EN.ATM.CO2E.PC,0.960429836,0.941337319,0.93387386,0.921453437,0.915293998,0.795419908,..,..
Africa Western and Central,AFW,GDP per capita (current US$),NY.GDP.PCAP.CD,1882.264038,1648.762676,1590.277754,1735.374911,1812.446822,1688.075575,1766.943618,1785.312219
Africa Western and Central,AFW,CO2 emissions (metric tons per capita),EN.ATM.CO2E.PC,0.475576749,0.479775109,0.465165614,0.475817013,0.490837275,0.463150273,..,..
Arab World,ARB,GDP per capita (current US$),NY.GDP.PCAP.CD,6287.314935,6117.871507,6230.762079,6579.417104,6504.789633,5644.14257,6419.161029,7625.252464
Arab World,ARB,CO2 emissions (metric tons per capita),EN.ATM.CO2E.PC,4.450524609,4.402999306,4.350683678,4.222333042,4.181158003,3.929077744,..,..
Caribbean small states,CSS,GDP per capita (current US$),NY.GDP.PCAP.CD,10484.86996,9805.586748,10101.69834,10378.90576,10405.80321,8846.494092,10174.38409,12639.70462
Caribbean small states,CSS,CO2 emissions (metric tons per capita),EN.ATM.CO2E.PC,5.437586735,5.12342222,4.97194958,5.12587038,5.066604688,4.402687901,..,..
Central Europe and the Baltics,CEB,GDP per capita (current US$),NY.GDP.PCAP.CD,12526.59301,12783.18084,14223.33868,16078.20726,16349.94583,16297.9641,18814.14582,19420.96441
Central Europe and the Baltics,CEB,CO2 emissions (metric tons per capita),EN.ATM.CO2E.PC,6.244133257,6.376605698,6.658387976,6.616508182,6.285364214,5.85720585,..,..
Early-demographic dividend,EAR,GDP per capita (current US$),NY.GDP.PCAP.CD,3227.845551,3278.241801,3498.575677,3493.678564,3521.644206,3242.515083,3727.933835,4104.085948
Early-demographic dividend,EAR,CO2 emissions (metric tons per capita),EN.ATM.CO2E.PC,2.160722033,2.166772189,2.218401314,2.241994582,2.203392613,2.016856783,..,..
East Asia & Pacific,EAS,GDP per capita (current US$),NY.GDP.PCAP.CD,9586.061906,9856.581539,10454.52433,11312.90436,11484.41727,11487.31134,13138.72467,12930.69168
East Asia & Pacific,EAS,CO2 emissions (metric tons per capita),EN.ATM.CO2E.PC,5.8880627,5.864093603,5.960075854,6.166087325,6.246453475,6.221888395,..,..
East Asia & Pacific (excluding high income),EAP,GDP per capita (current US$),NY.GDP.PCAP.CD,6500.07275,6592.555408,7151.338608,7944.814368,8172.023756,8262.990946,9813.002261,9954.276857
East Asia & Pacific (excluding high income),EAP,CO2 emissions (metric tons per capita),EN.ATM.CO2E.PC,5.490442357,5.46782085,5.578365434,5.831680334,5.9514075,5.982246125,..,..
East Asia & Pacific (IDA & IBRD countries),TEA,GDP per capita (current US$),NY.GDP.PCAP.CD,6572.915168,6666.248262,7231.043138,8033.191325,8262.811559,8354.747371,9922.0435,10065.03475
East Asia & Pacific (IDA & IBRD countries),TEA,CO2 emissions (metric tons per capita),EN.ATM.CO2E.PC,5.546539491,5.522085283,5.621200682,5.879713935,5.998370702,6.031169795,..,..
Euro area,EMU,GDP per capita (current US$),NY.GDP.PCAP.CD,34390.34874,35162.22836,37159.40904,40048.45819,39185.13974,38193.95793,42807.33653,41036.23331
Euro area,EMU,CO2 emissions (metric tons per capita),EN.ATM.CO2E.PC,6.645929811,6.626174457,6.62138769,6.439325516,6.119262978,5.461540037,..,..
Europe & Central Asia,ECS,GDP per capita (current US$),NY.GDP.PCAP.CD,22588.58857,22411.24208,23688.05766,25276.81944,24892.39355,24021.79603,27420.81343,27536.81293
Europe & Central Asia,ECS,CO2 emissions (metric tons per capita),EN.ATM.CO2E.PC,6.698998481,6.698062668,6.746232102,6.734357452,6.557130508,6.116715041,..,..
Europe & Central Asia (excluding high income),ECA,GDP per capita (current US$),NY.GDP.PCAP.CD,7486.327414,7075.874655,7900.555316,8025.155608,8153.193434,7477.878431,8912.814076,10379.77294
Europe & Central Asia (excluding high income),ECA,CO2 emissions (metric tons per capita),EN.ATM.CO2E.PC,7.020077163,7.059362351,7.177087721,7.344913132,7.329478148,7.075707548,..,..
Europe & Central Asia (IDA & IBRD countries),TEC,GDP per capita (current US$),NY.GDP.PCAP.CD,8020.645993,7670.482889,8565.507961,8897.540803,9039.80028,8455.237621,9982.81223,11342.49186
Europe & Central Asia (IDA & IBRD countries),TEC,CO2 emissions (metric tons per capita),EN.ATM.CO2E.PC,6.895616548,6.952999935,7.093048817,7.23884369,7.188999919,6.92481316,..,..
European Union,EUU,GDP per capita (current US$),NY.GDP.PCAP.CD,30487.15617,31174.03387,33090.6344,35751.57258,35079.5343,34356.57462,38721.07794,37433.27845
European Union,EUU,CO2 emissions (metric tons per capita),EN.ATM.CO2E.PC,6.517123396,6.525933461,6.571146878,6.415939469,6.101852107,5.506070436,..,..
Fragile and conflict affected situations,FCS,GDP per capita (current US$),NY.GDP.PCAP.CD,1890.48128,1742.893121,1805.793771,1852.318463,1919.783251,1700.985671,1779.313291,1870.337198
Fragile and conflict affected situations,FCS,CO2 emissions (metric tons per capita),EN.ATM.CO2E.PC,0.951756516,0.943720412,0.913742827,0.925113261,0.892137929,0.775010831,..,..
Heavily indebted poor countries (HIPC),HPC,GDP per capita (current US$),NY.GDP.PCAP.CD,963.3180678,981.8316422,1055.404207,977.2375305,985.1304866,968.4658813,1047.075198,1109.014261
Heavily indebted poor countries (HIPC),HPC,CO2 emissions (metric tons per capita),EN.ATM.CO2E.PC,0.267560243,0.273930517,0.275768158,0.279928376,0.289113704,0.268471053,..,..
High income,HIC,GDP per capita (current US$),NY.GDP.PCAP.CD,39811.48018,40428.17938,42077.843,44528.16874,44725.99509,43457.69824,48535.46582,49607.24655
High income,HIC,CO2 emissions (metric tons per capita),EN.ATM.CO2E.PC,10.20324715,10.06764523,9.955496277,9.923940787,9.597278854,8.749965111,..,..
IBRD only,IBD,GDP per capita (current US$),NY.GDP.PCAP.CD,5536.382163,5523.361421,6043.460397,6373.970462,6460.501165,6177.526395,7284.449127,7682.790889
IBRD only,IBD,CO2 emissions (metric tons per capita),EN.ATM.CO2E.PC,4.253475902,4.228778559,4.293761367,4.424634197,4.440979978,4.304955533,..,..
IDA & IBRD total,IBT,GDP per capita (current US$),NY.GDP.PCAP.CD,4486.333989,4463.080644,4847.680982,5084.854052,5140.641855,4901.569304,5718.690003,6007.370761
IDA & IBRD total,IBT,CO2 emissions (metric tons per capita),EN.ATM.CO2E.PC,3.304426403,3.284206202,3.329160381,3.41716183,3.418784712,3.29891754,..,..
IDA blend,IDB,GDP per capita (current US$),NY.GDP.PCAP.CD,1987.567534,1820.08119,1753.270831,1877.776724,1876.654806,1722.41777,1844.32001,1933.556473
IDA blend,IDB,CO2 emissions (metric tons per capita),EN.ATM.CO2E.PC,0.806681246,0.84029428,0.860389305,0.84123525,0.839321107,0.798612684,..,..
IDA only,IDX,GDP per capita (current US$),NY.GDP.PCAP.CD,1073.597435,1133.380809,1216.338371,1181.353141,1214.582592,1200.249071,1272.350348,1337.013175
IDA only,IDX,CO2 emissions (metric tons per capita),EN.ATM.CO2E.PC,0.341513825,0.363940116,0.386612292,0.401069947,0.403989303,0.377941164,..,..
IDA total,IDA,GDP per capita (current US$),NY.GDP.PCAP.CD,1379.210602,1362.461982,1395.049931,1412.711942,1434.100097,1373.087617,1461.411109,1534.023093
IDA total,IDA,CO2 emissions (metric tons per capita),EN.ATM.CO2E.PC,0.497056429,0.522850426,0.544303316,0.547297213,0.548328469,0.517184007,..,..
Late-demographic dividend,LTE,GDP per capita (current US$),NY.GDP.PCAP.CD,8213.980431,8182.344735,9022.30189,9840.394631,9979.383421,9722.310421,11556.48646,12072.76719
Late-demographic dividend,LTE,CO2 emissions (metric tons per capita),EN.ATM.CO2E.PC,6.315799064,6.279861728,6.375139973,6.595127107,6.697596533,6.683855196,..,..
Latin America & Caribbean,LCN,GDP per capita (current US$),NY.GDP.PCAP.CD,8723.135457,8421.148077,9255.805976,8977.992553,8772.562194,7393.174719,8478.633406,9559.213456
Latin America & Caribbean,LCN,CO2 emissions (metric tons per capita),EN.ATM.CO2E.PC,2.817383017,2.724731093,2.660075441,2.55393723,2.511553647,2.21061136,..,..
Latin America & Caribbean (excluding high income),LAC,GDP per capita (current US$),NY.GDP.PCAP.CD,8301.026794,7972.032188,8788.350268,8446.592322,8246.516673,6889.469861,7873.980782,8971.780372
Latin America & Caribbean (excluding high income),LAC,CO2 emissions (metric tons per capita),EN.ATM.CO2E.PC,2.614646484,2.535946507,2.486042742,2.384924455,2.362844049,2.112544976,..,..
Latin America & the Caribbean (IDA & IBRD countries),TLA,GDP per capita (current US$),NY.GDP.PCAP.CD,8577.487766,8258.066184,9106.598873,8817.701109,8593.061308,7186.562493,8262.542085,9324.959304
Latin America & the Caribbean (IDA & IBRD countries),TLA,CO2 emissions (metric tons per capita),EN.ATM.CO2E.PC,2.838106972,2.746129742,2.680727676,2.569291607,2.52970162,2.221906007,..,..
Least developed countries: UN classification,LDC,GDP per capita (current US$),NY.GDP.PCAP.CD,1004.291991,1024.22019,1116.752497,1067.836395,1100.061945,1082.863353,1153.274413,1268.338952
Least developed countries: UN classification,LDC,CO2 emissions (metric tons per capita),EN.ATM.CO2E.PC,0.301136362,0.321128089,0.340048311,0.351050377,0.353556449,0.327108376,..,..
Low & middle income,LMY,GDP per capita (current US$),NY.GDP.PCAP.CD,4342.595213,4320.050193,4688.840218,4908.171921,4966.26046,4735.357322,5526.296135,5811.430475
Low & middle income,LMY,CO2 emissions (metric tons per capita),EN.ATM.CO2E.PC,3.247650827,3.228408841,3.277735033,3.36828611,3.375564979,3.264621142,..,..
Low income,LIC,GDP per capita (current US$),NY.GDP.PCAP.CD,774.2476473,747.3186241,804.8735204,662.8558069,686.2226791,656.6866746,678.65321,750.4669425
Low income,LIC,CO2 emissions (metric tons per capita),EN.ATM.CO2E.PC,0.248470821,0.249647648,0.291585253,0.290268283,0.294710864,0.26934105,..,..
Lower middle income,LMC,GDP per capita (current US$),NY.GDP.PCAP.CD,1979.555371,2037.725326,2159.48629,2179.954062,2238.51882,2123.350264,2405.603576,2561.457576
Lower middle income,LMC,CO2 emissions (metric tons per capita),EN.ATM.CO2E.PC,1.555548125,1.583104863,1.624198524,1.683221239,1.665768444,1.546117022,..,..
Middle East & North Africa,MEA,GDP per capita (current US$),NY.GDP.PCAP.CD,7217.651624,7158.049769,7337.213549,7565.281634,7444.855634,6579.706726,7696.006608,8973.862585
Middle East & North Africa,MEA,CO2 emissions (metric tons per capita),EN.ATM.CO2E.PC,5.569143702,5.516448951,5.496268708,5.376392019,5.301363398,5.033818298,..,..
Middle East & North Africa (excluding high income),MNA,GDP per capita (current US$),NY.GDP.PCAP.CD,3805.679938,3832.820485,3771.398833,3518.886053,3475.858429,3120.088264,3590.643853,3998.585763
Middle East & North Africa (excluding high income),MNA,CO2 emissions (metric tons per capita),EN.ATM.CO2E.PC,3.569643383,3.550860294,3.631326732,3.639014115,3.552494179,3.329056087,..,..
Middle East & North Africa (IDA & IBRD countries),TMN,GDP per capita (current US$),NY.GDP.PCAP.CD,3811.773554,3836.321689,3773.136768,3518.381989,3473.741368,3118.749032,3589.595352,4001.122645
Middle East & North Africa (IDA & IBRD countries),TMN,CO2 emissions (metric tons per capita),EN.ATM.CO2E.PC,3.610413752,3.591594286,3.673110907,3.681235314,3.594045848,3.368343759,..,..
Middle income,MIC,GDP per capita (current US$),NY.GDP.PCAP.CD,4715.505443,4698.955699,5107.250279,5372.268908,5442.662294,5197.802353,6085.764133,6407.498324
Middle income,MIC,CO2 emissions (metric tons per capita),EN.ATM.CO2E.PC,3.560634262,3.543927431,3.599013128,3.704929442,3.718555393,3.604249237,..,..
North America,NAC,GDP per capita (current US$),NY.GDP.PCAP.CD,55452.42138,56312.43488,58423.88588,61174.77734,63203.37389,61483.00075,68399.10275,74160.99677
North America,NAC,CO2 emissions (metric tons per capita),EN.ATM.CO2E.PC,15.56617047,15.17449435,14.89376766,15.2620189,14.70979335,13.08883746,..,..
Not classified,INX,GDP per capita (current US$),NY.GDP.PCAP.CD,..,..,..,..,..,..,..,..
Not classified,INX,CO2 emissions (metric tons per capita),EN.ATM.CO2E.PC,..,..,..,..,..,..,..,..
OECD members,OED,GDP per capita (current US$),NY.GDP.PCAP.CD,35666.45674,36115.19307,37476.54662,39416.24261,39583.2257,38402.1176,42731.28895,43476.37804
OECD members,OED,CO2 emissions (metric tons per capita),EN.ATM.CO2E.PC,9.060043771,8.952524633,8.878580108,8.845459801,8.520507536,7.718906925,..,..
Other small states,OSS,GDP per capita (current US$),NY.GDP.PCAP.CD,12502.87288,12088.90977,12902.1702,14076.26351,13574.60779,11686.93411,13975.16651,16003.09753
Other small states,OSS,CO2 emissions (metric tons per capita),EN.ATM.CO2E.PC,6.234225724,6.230072606,6.177300533,6.061551765,5.907094276,5.610561863,..,..
Pacific island small states,PSS,GDP per capita (current US$),NY.GDP.PCAP.CD,3723.875114,3866.86186,4128.661018,4288.226218,4222.882129,3698.09906,3650.854152,3912.185639
Pacific island small states,PSS,CO2 emissions (metric tons per capita),EN.ATM.CO2E.PC,1.093761439,1.072904622,1.127336357,1.153402124,1.166844764,0.848521068,..,..
Post-demographic dividend,PST,GDP per capita (current US$),NY.GDP.PCAP.CD,40636.3472,41363.38587,42968.28953,45382.76395,45700.0608,44514.12268,49527.66013,50482.11313
Post-demographic dividend,PST,CO2 emissions (metric tons per capita),EN.ATM.CO2E.PC,10.04014481,9.897699449,9.773058219,9.802728599,9.443542093,8.551705588,..,..
Pre-demographic dividend,PRE,GDP per capita (current US$),NY.GDP.PCAP.CD,1563.469332,1388.67826,1438.131311,1452.899967,1489.89883,1330.42077,1417.16419,1558.021277
Pre-demographic dividend,PRE,CO2 emissions (metric tons per capita),EN.ATM.CO2E.PC,0.494322464,0.501718876,0.502601021,0.511820017,0.52894158,0.477024615,..,..
Small states,SST,GDP per capita (current US$),NY.GDP.PCAP.CD,11588.22341,11169.73931,11864.82223,12823.54002,12448.87375,10704.40727,12682.81722,14684.05791
Small states,SST,CO2 emissions (metric tons per capita),EN.ATM.CO2E.PC,5.769474709,5.71261369,5.653121313,5.597047618,5.471941111,5.110111018,..,..
South Asia,SAS,GDP per capita (current US$),NY.GDP.PCAP.CD,1539.470601,1675.438752,1887.890561,1920.140055,1965.094236,1853.845901,2136.192891,2287.416124
South Asia,SAS,CO2 emissions (metric tons per capita),EN.ATM.CO2E.PC,1.37095835,1.393033962,1.453867478,1.516961077,1.478649886,1.337791484,..,..
South Asia (IDA & IBRD),TSA,GDP per capita (current US$),NY.GDP.PCAP.CD,1539.470601,1675.438752,1887.890561,1920.140055,1965.094236,1853.845901,2136.192891,2287.416124
South Asia (IDA & IBRD),TSA,CO2 emissions (metric tons per capita),EN.ATM.CO2E.PC,1.37095835,1.393033962,1.453867478,1.516961077,1.478649886,1.337791484,..,..
Sub-Saharan Africa,SSF,GDP per capita (current US$),NY.GDP.PCAP.CD,1687.100915,1526.957693,1611.099075,1630.055972,1631.312141,1490.349666,1635.217341,1701.245382
Sub-Saharan Africa,SSF,CO2 emissions (metric tons per capita),EN.ATM.CO2E.PC,0.76398389,0.754344394,0.743930197,0.740879626,0.743359241,0.660876173,..,..
Sub-Saharan Africa (excluding high income),SSA,GDP per capita (current US$),NY.GDP.PCAP.CD,1685.877621,1525.689056,1609.806187,1628.746521,1629.987221,1489.449067,1634.265336,1700.102181
Sub-Saharan Africa (excluding high income),SSA,CO2 emissions (metric tons per capita),EN.ATM.CO2E.PC,0.763559116,0.753867414,0.743460744,0.740393856,0.742893122,0.660412633,..,..
Sub-Saharan Africa (IDA & IBRD countries),TSS,GDP per capita (current US$),NY.GDP.PCAP.CD,1687.100915,1526.957693,1611.099075,1630.055972,1631.312141,1490.349666,1635.217341,1701.245382
Sub-Saharan Africa (IDA & IBRD countries),TSS,CO2 emissions (metric tons per capita),EN.ATM.CO2E.PC,0.76398389,0.754344394,0.743930197,0.740879626,0.743359241,0.660876173,..,..
Upper middle income,UMC,GDP per capita (current US$),NY.GDP.PCAP.CD,7683.611108,7607.596731,8352.326026,8912.567581,9023.202992,8663.002093,10271.80149,10814.27758
Upper middle income,UMC,CO2 emissions (metric tons per capita),EN.ATM.CO2E.PC,5.735859454,5.687044777,5.773007721,5.947017462,6.012487382,5.923959874,..,..
World,WLD,GDP per capita (current US$),NY.GDP.PCAP.CD,10168.12454,10215.58544,10754.92975,11297.4524,11338.15032,10904.14761,12316.10246,12687.74189
World,WLD,CO2 emissions (metric tons per capita),EN.ATM.CO2E.PC,4.601683731,4.558579231,4.57838089,4.642145296,4.582572771,4.292269191,..,..
,,,,,,,,,,,
,,,,,,,,,,,
,,,,,,,,,,,
Data from database: World Development Indicators,,,,,,,,,,,
Last Updated: 02/21/2024,,,,,,,,,,,
Code,License Type,Indicator Name,Long definition,Source,Topic,Periodicity,Aggregation method,Statistical concept and methodology,Development relevance,License URL,
NY.GDP.PCAP.CD,CC BY-4.0,GDP per capita (current US$),GDP per capita is gross domestic product divided by midyear population. GDP is the sum of gross value added by all resident producers in the economy plus any product taxes and minus any subsidies not included in the value of the products. It is calculated without making deductions for depreciation of fabricated assets or for depletion and degradation of natural resources. Data are in current U.S. dollars.,"World Bank national accounts data, and OECD National Accounts data files.",Economic Policy & Debt: National accounts: US$ at current prices: Aggregate indicators,Annual,Weighted average,"For more information, see the metadata for current U.S. dollar GDP (NY.GDP.MKTP.CD) and total population (SP.POP.TOTL).",,https://datacatalog.worldbank.org/public-licenses#cc-by,
EN.ATM.CO2E.PC,Attribution-NonCommercial 4.0 International (CC BY-NC 4.0),CO2 emissions (metric tons per capita),"Carbon dioxide emissions are those stemming from the burning of fossil fuels and the manufacture of cement. They include carbon dioxide produced during consumption of solid, liquid, and gas fuels and gas flaring.","Emissions data are sourced from Climate Watch Historical GHG Emissions (1990-2020). 2023. Washington, DC: World Resources Institute. Available online at:https://www.climatewatchdata.org/ghg-emissions",Environment: Emissions,Annual,Weighted average,"Carbon dioxide emissions, largely by-products of energy production and use, account for the largest share of greenhouse gases, which are associated with global warming. Anthropogenic carbon dioxide emissions result primarily from fossil fuel combustion and cement manufacturing. In combustion different fossil fuels release different amounts of carbon dioxide for the same level of energy use: oil releases about 50 percent more carbon dioxide than natural gas, and coal releases about twice as much. Cement manufacturing releases about half a metric ton of carbon dioxide for each metric ton of cement produced. Data for carbon dioxide emissions include gases from the burning of fossil fuels and cement manufacture, but excludes emissions from land use such as deforestation.","Carbon dioxide (CO2) is naturally occurring gas fixed by photosynthesis into organic matter. A byproduct of fossil fuel combustion and biomass burning, it is also emitted from land use changes and other industrial processes. It is the principal anthropogenic greenhouse gas that affects the Earth's radiative balance. It is the reference gas against which other greenhouse gases are measured, thus having a Global Warming Potential of 1.

Burning of carbon-based fuels since the industrial revolution has rapidly increased concentrations of atmospheric carbon dioxide, increasing the rate of global warming and causing anthropogenic climate change. It is also a major source of ocean acidification since it dissolves in water to form carbonic acid.

The addition of man-made greenhouse gases to the Atmosphere disturbs the earth's radiative balance. This is leading to an increase in the earth's surface temperature and to related effects on climate, sea level rise and world agriculture. Emissions of CO2 are from burning oil, coal and gas for energy use, burning wood and waste materials, and from industrial processes such as cement production.

The carbon dioxide emissions of a country are only an indicator of one greenhouse gas. For a more complete idea of how a country influences climate change, gases such as methane and nitrous oxide should be taken into account. This is particularly important in agricultural economies.

Emission intensity is the average emission rate of a given pollutant from a given source relative to the intensity of a specific activity. Emission intensities are also used to compare the environmental impact of different fuels or activities. The related terms - emission factor and carbon intensity - are often used interchangeably.

The environmental effects of carbon dioxide are of significant interest. Carbon dioxide (CO2) makes up the largest share of the greenhouse gases contributing to global warming and climate change. Converting all other greenhouse gases (methane (CH4), nitrous oxide (N2O), hydrofluorocarbons (HFCs), perfluorocarbons (PFCs), sulphur hexafluoride (SF6)) to carbon dioxide (or CO2) equivalents makes it possible to compare them and to determine their individual and total contributions to global warming. The Kyoto Protocol, an environmental agreement adopted in 1997 by many of the parties to the United Nations Framework Convention on Climate Change (UNFCCC), is working towards curbing CO2 emissions globally.",https://creativecommons.org/licenses/by-nc/4.0/,
